record_id,diagnosis,omim_pheno,omim_gene_locus,icd10_ref_diagnosis,dob,country_birth,sex,age_sent_for_genet,age_number_y,age_number_m,age_summary,consangui_offsp,consangui_offsp_rel,relatives,relative_rel,sp_abortion,sp_abortion_numb,ivf,hpo_descriptive,hpo_data,age_onset,age_onset_number_y,age_onset_number_m,age_onset_summary,intel_dis,iq_test,iq_test_desc,oth_iq_test_yesno,oth_iq_test_name,oth_iq_test_result,metab_disease,metab_disease_measure,ct_scan,mr_scan,eeg,clinic,karyotype,karyotype_result,microarray,microarray_result,microarray_sig,microarray_type,microarray_reg_no,microarray_length,microarray_details,other_gen_test,other_gen_test_type,other_gen_test_typeresult,gen_result,gen_result,gen_ngsplatform,oth_gen_ngsplatform,gen_ref,gen_gen1,gen_chromosome1,gen_novar1,gen_inheritance1,gen_zigosity1,gen_transcript1,gen_varnamecdna1_1,gen_varnameprot1_1,segregation_result1_1,gen_varnamecdna1_2,gen_varnameprot1_2,segregarion_result1_2,secgen2,secgen_gene2,secgen_chromosome2,secgen_novar2,secgen_inheritance2,secgen_zigosity2,secgen_transcript2,secgen_varnamecdna2_1,secgen_varnameprot2_1,secgen_segregation2_1,secgen_varnamecdna2_2,gen_varnameprot2_2,secgen_segregation2_2,loc_vcf,other_loc_vcf,other_loc_vcf_ext,comment
RFZO 001,"Developmental and epileptic encephalopathy 36, Blepharophimosis-impaired intellectual development syndrome, Nicolaides-Baraitser syndrome",,"* 600014, * 300776","G40.9, Q87.1, Q87.3",28.02.2012,Andorra,1,"6y, 7m",6,7,1.08,1,no,1,,1,,1,,,"6y, 7m",6,7,1.08,2,34,no,2,Wechsler Intelligence Scale for Children (WISC),Below average,2,1,2,1,1, Universitari  Ciutat  Centre Medic,2,,1,,,3,,,,99,,,CES,CES,"MiSeq, Illumina",,GRCh 38,"ALG13,SMARCA2",18,2,4,homozygosis,NM_555260.4,c.4661delinsTC,p.Cys28delinsTrpVal,1,c.169_170insA,,1,No,,,,,,,,,,,,,,External HD,,
RFZO 002,Kabuki syndrome-2,# 300867,,Q87.8,11.09.2018,France,2,2y,2,0,0.17,1,no,1,,1,,1,"Recurrent otitis media HP:0000403,Strabismus HP:0000486,Depressed nasal tip HP:0000437,Long eyelashes HP:0000527","HP:0000403, HP:0000486, HP:0000437, HP:0000527",2y,2,0,0.17,99,no,no,1,,no,1,1,2,2,2, Hopital  Bois  Centre Medical,2,,1,,,1,,,,1,,,WGS,WGS,"DNBSEQ G-400, MGI",,GRCh 37 (hg19),KDM6A,5,2,3,homozygosis,NM_420088.4,c.145_147delinsTGG,,No,c.3921del,p.Val7dup,3,No,,,,,,,,,,,,,IMGGE Server,External HD,,
RFZO 003,"Spastic paraplegia 47,  Epilepsy, familial temporal lobe, 5","# 614066, # 614417",,"G11.4, G40.1",26.11.2018,Spain,1,2y,2,0,0.17,1,no,1,,99,,99,"Microcephaly HP:0000252,Overweight HP:0025502,Short philtrum HP:0000322,Bulbous nose HP:0000414,Wide nasal bridge HP:0000431","HP:0000252, HP:0025502, HP:0000322, HP:0000414, HP:0000431",2y,2,0,0.17,2,67,no,99,,no,99,1,2,1,1, Universitario  RÃ­o Hospital,2,,2,positive,Pathogenic,3,12p6.2,322 kb,"The identified 22p4.3 1 is frequently associated with developmental and neurobehavioral disorders, including intellectual disability.",2,other,negative,CES,CES,"MiSeq, Illumina",,GRCh 38,"AP4B1,CPA6",18,1,2,homozygosis,NM_765408.4,c.169_170insA,p.His4_Gln5insAla,3,,,1,Yes,OTC,20,1.0,2,heterozygosis,NM_114932.4,c.5697dup,p.Trp4del,3,,,,IMGGE Server,,,
RFZO 004,"Short stature, Hyperextensibility, Hernia, Ocular depression, Rieger anomaly, and Teething delay, SHORT syndrome",# 269880,,"R62.0, K40.9, Q87.2, Q87.8",09.09.2014,Slovakia,2,4y,4,0,0.33,1,no,1,,99,,99,"Cataract HP:0000518,Glaucoma HP:0000501,Rieger anomaly HP:0000558,Hypermetropia HP:0000540","HP:0000518, HP:0000501, HP:0000558, HP:0000540",4y,4,0,0.33,2,42,no,2,Wechsler Intelligence Scale for Children (WISC),Below average,2,2,2,2,2, Univerzitna  Rieka  Klinika,1,no,1,,,3,,,,1,,,CES,CES,,"Sequel II, Pacific Biosciences",GRCh 38,PIK3R1,7,1,5,homozygosis,NM_059141.4,c.1704+1del,p.(His321_Glu383del),3,,,4,No,,,,,,,,,,,,,IMGGE Server,External HD,,
RFZO 005,"Hypotonia, infantile, with psychomotor retardation and characteristic facies 2",# 616801,,Q87.0,06.11.2009,Netherlands,2,7y,7,0,0.58,2,First,1,,1,,1,"Anteverted nares HP:0000463,Prominent nose HP:0000448,Prominent nasal bridge HP:0000426,Prominent forehead HP:0011220","HP:0000463, HP:0000448, HP:0000426, HP:0011220",7y,7,0,0.58,2,32,no,99,,no,2,2,1,1,2, Ziekenhuis  Bos  Medisch Centrum,2,,1,,,3,,,,1,,,CES,CES,"NextSeq550, Illumina",,GRCh 38,UNC80,18,2,1,heterozygosis,NM_777667.4,c.9002_9009delinsTTT,p.(Val559_Glu561del),4,c.1704+1del,p.Val7del,4,No,,,,,,,,,,,,,IMGGE Server,External HD,,
RFZO 006,"Brain small vessel disease 1 with or without ocular anomalies, BSVD1",# 175780,,"I67.89, H35.8",25.11.2007,Lithuania,2,8y,8,0,0.67,1,no,1,,99,,1,"Glaucoma HP:0000501,Retinal hemorrhage HP:0000573,Hypermetropia HP:0000540,Hemolytic anemia HP:0001878","HP:0000501, HP:0000573, HP:0000540, HP:0001878",8y,8,0,0.67,99,no,no,1,,no,99,1,2,2,2, Centrin  Miskas  Sveikatos Institutas,1,no,2,negative,Benign,2,3q9.4,998 kb,"The identified 2p4.3 1 is frequently associated with developmental and neurobehavioral disorders, including intellectual disability.",1,,,CES,CES,"NextSeq550, Illumina",,GRCh 37 (hg19),COL4A1,3,2,2,het,NM_663132.4,c.4072-1234_5155-246del,p.Lys23_Val25del,3,c.4661delinsTC,,4,No,,,,,,,,,,,,,IMGGE Server,External HD,,
RFZO 007,"Intellectual developmental disorder, X-linked syndromic 14",# 300676,,Q93.4,04.02.2008,Romania,2,"8y, 7m",8,7,1.25,1,no,2,Mother,1,,1,"High palate HP:0000218,Hypernasal speech HP:0001611,Mandibular prognathia HP:0000303,Prominent nasal bridge HP:0000426,Prominent forehead HP:0011220","HP:0000218, HP:0001611, HP:0000303, HP:0000426, HP:0011220","8y, 7m",8,7,1.25,2,33,no,2,Stanford-Binet Intelligence Scales ,Below average,1,1,2,2,1, County  City  Clinic,1,no,99,,,1,,,,2,FraX,inconclusive,WGS,WGS,"NextSeq 2000, Illumina",,GRCh 37 (hg19),UPF3B,2,1,5,het,NM_654126.4,c.3921del,p.Trp4del,4,,,4,No,,,,,,,,,,,,,IMGGE Server,External HD,,
RFZO 008,"Developmental and epileptic encephalopathy 104, Neurodevelopmental disorder with impaired language and ataxia and with or without seizures, Epilepsy, nocturnal frontal lobe, 1","# 619970, # 619580, #600513",,"G40.8, F84.9, G40.3",09.06.2020,Denmark,1,"2y, 3m",2,3,0.42,1,no,1,,2,2,2,"Delayed ability to walk HP:0031936,Delayed speech and language development HP:0000750,Autistic behavior HP:0000729,Tonic seizure HP:0032792,Visual impairment HP:0000505","HP:0031936, HP:0000750, HP:0000729, HP:0032792, HP:0000505","2y, 3m",2,3,0.42,2,10,no,2,Stanford-Binet Intelligence Scales ,Average,2,1,1,1,2, Universitet  By  Sundhedsinstitut,1,no,2,inconclusive,Likely pathogenic,2,12p6.2,971 kb,"The identified 12p6.2 2 is frequently associated with developmental and neurobehavioral disorders, including intellectual disability.",1,,,CES,CES,"DNBSEQ G-400, MGI",,GRCh 37 (hg19),"ATP6V0A1,CHRNA4,GRIK2",9,2,1,heterozygosis,NM_056099.4,c.89_118AGC[13],p.Gln18[23],1,c.(222_226)insG,Val25dup,4,No,,,,,,,,,,,,,,,,
RFZO 009,Neurodevelopmental disorder with visual defects and brain anomalies (NEDVIBA),# 618547,,H54,10.04.2010,Hungary,1,"7y, 5m",7,5,1.0,99,no,1,,1,,1,"Strabismus HP:0000486,Anteverted nares HP:0000463,Pes planus HP:0001763,Flat occiput HP:0005469","HP:0000486, HP:0000463, HP:0001763, HP:0005469","7y, 5m",7,5,1.0,2,48,no,99,,no,99,1,99,1,2, Nemzeti  Varos  Orvosi Kozpont,1,no,2,positive,Pathogenic,1,22p4.3,372 kb,"The identified 22p4.3 2 is frequently associated with developmental and neurobehavioral disorders, including intellectual disability.",1,,,WES,WES,"NextSeq 2000, Illumina",,GRCh 38,HK1,19,1,1,het,NM_736957.4,c.89_118AGC[13],p.Gln18[23],3,,,4,No,,,,,,,,,,,,,IMGGE Server,External HD,,
RFZO 010,X-linked lissencephaly i X-linked subcortical laminal heterotopia,# 300067,,Q04.4,21.01.2008,Cyprus,1,"8y, 8m",8,8,1.33,1,no,1,,1,,1,"Lissencephaly HP:0001339,Axial hypotonia HP:0008936,Gray matter heterotopia HP:0002282,Nystagmus HP:0000639","HP:0001339, HP:0008936, HP:0002282, HP:0000639","8y, 8m",8,8,1.33,1,no,no,1,,no,99,1,2,2,2, University Hill  Medical Center,1,no,99,,,1,,,,2,other,negative,WGS,WGS,,"GridION, Oxford Nanopore Technologies",GRCh 37 (hg19),DCX,11,1,2,het,NM_739853.4,c.79_80delinsTT,p.Trp24Ter,No,,,2,No,,,,,,,,,,,,,IMGGE Server,External HD,,
RFZO 011,"Developmental and epileptic encephalopathy 7, DEE7", 613720,,G40.809,18.02.2022,Hungary,99,"1y, 7m",1,7,0.67,1,no,1,,1,,1,,,"1y, 7m",1,7,0.67,2,41,no,99,,no,2,2,1,2,2, Egyetemi  Varos  Klinika,1,no,99,,,3,,,,2,MLPA,negative,WES,WES,"NextSeq 2000, Illumina",,GRCh 38,KCNQ2,18,1,2,heterozygosis,NM_464475.4,c.260_264+48dup,p.Lys23_Val25dup,1,,,2,No,,,,,,,,,,,,,IMGGE Server,,,
RFZO 012,Noonan syndrome-like disorder with or without juvenile myelomonocytic leukaemia,# 613563,,Q87.1,21.03.2023,Bulgaria,2,6m,0,6,0.5,1,no,1,,1,,2,"Macrotia HP:0000400,Thick vermilion border HP:0012471,Anteverted nares HP:0000463,Webbed neck HP:0000465,Ptosis HP:0000508","HP:0000400, HP:0012471, HP:0000463, HP:0000465, HP:0000508",6m,0,6,0.5,2,64,no,2,Wechsler Intelligence Scale for Children (WISC),Below average,2,2,2,1,2, St. Hill  Medical Center,1,no,2,positive,VUS,1,2p4.3,707 kb,"The identified 17q11.5 3 is frequently associated with developmental and neurobehavioral disorders, including intellectual disability.",2,FraX,positive,WES,WES,"NextSeq550, Illumina",,GRCh 37 (hg19),CBL,3,2,2,heterozygosis,NM_704091.4,c.419_420ins[T;401_419],p.Arg78_Gly79ins,4,c.4145_4160inv,p.Lys23_Val25dup,3,No,,,,,,,,,,,,,IMGGE Server,External HD,,
RFZO 013,Mitochondrial DNA depletion syndrome 7,# 271245,,E88.4,29.06.2024,France,99,3m,0,3,0.25,99,no,2,Uncle,2,1,1,"Elevated circulating aspartate aminotransferase concentration HP:0031956,Involuntary movements HP:0004305,Epilepsia partialis continua HP:0012847,Reduced eye contact HP:0000817","HP:0031956, HP:0004305, HP:0012847, HP:0000817",3m,0,3,0.25,99,no,no,1,,no,1,1,1,1,99, Universite  Ville  Centre Medical,1,no,1,,,1,,,,2,DNA methylation test,positive,WGS,WGS,"NextSeq550, Illumina",,GRCh 38,TWNK,2,1,1,hom,NM_488434.4,c.6775_6777delinsC,p.Cys28_Lys29delinsTrp,1,,,3,No,,,,,,,,,,,,,IMGGE Server,,,
RFZO 014,Alexander disease type I,# 203450,* 137780,G37.8,25.11.2013,Sweden,1,5y,5,0,0.42,2,First,99,,99,,2,"Death in adolescence HP:0011421,Progressive macrocephaly HP:0004481,Death in infancy HP:0001522,Increased CSF protein concentration HP:0002922","HP:0011421, HP:0004481, HP:0001522, HP:0002922",5y,5,0,0.42,2,32,no,1,,no,2,2,1,2,1, Universitet  Flod  Klinik,1,no,2,positive,Likely pathogenic,1,17q11.5,105 kb,"The identified 16q11.3 2 is frequently associated with developmental and neurobehavioral disorders, including intellectual disability.",1,,,WES,WES,"NextSeq 2000, Illumina",,GRCh 37 (hg19),GFAP,15,2,2,heterozygosis,NM_998280.4,c.1704+1del,p.(His321_Glu383del),No,c.240_241insAGG,,2,No,,,,,,,,,,,,,IMGGE Server,External HD,,
RFZO 015,Darier disease,# 124200,,L11.2,20.02.2016,Finland,2,"4y, 7m",4,7,0.92,1,no,99,,1,,2,"Subungual hyperkeratotic fragments HP:0008410,Schizophrenia HP:0100753,Plantar pits HP:0010612,Acrokeratosis HP:0200016,Ridged nail HP:0001807","HP:0008410, HP:0100753, HP:0010612, HP:0200016, HP:0001807","4y, 7m",4,7,0.92,1,no,no,1,,no,1,1,2,2,2, Alueellinen  Joki  Laaketieteellinen Keskus,2,,2,negative,VUS,1,3q9.4,747 kb,"The identified 22p4.3 3 is frequently associated with developmental and neurobehavioral disorders, including intellectual disability.",2,FraX,positive,WES,WES,"NextSeq550, Illumina",,GRCh 37 (hg19),ATP2A2,12,2,3,heterozygosis,NM_097763.4,c.1813del,Asp90del,No,c.(4071+1_4072-1)_(5154+1_5155-1)del,p.Lys23_Val25del,2,No,,,,,,,,,,,,,IMGGE Server,,,
RFZO 016,"Developmental and epileptic encephalopathy 7, DEE7", 613720,,G40.809,26.10.2021,Ireland,2,1y,1,0,0.08,1,no,1,,1,,1,,,1y,1,0,0.08,99,no,no,1,,no,2,2,2,1,2, County  City  Medical Center,1,no,1,,,1,,,,1,,,WES,WES,"DNBSEQ G-400, MGI",,GRCh 37 (hg19),KCNQ2,13,2,2,heterozygosis,NM_831242.4,c.6775_6777delinsC,p.Cys28_Lys29delinsTrp,No,c.93+1G>T,p.Lys79Tyr,4,No,,,,,,,,,,,,,IMGGE Server,External HD,,
RFZO 017,Hyperphosphatasia with impaired intellectual development syndrome 1,# 239300,* 610274,E83.39,18.06.2009,Ukraine,2,"7y, 3m",7,3,0.83,1,no,2,Mother,2,1,1,"Mandibular prognathia HP:0000303,Small nail HP:0001792,Delayed myelination HP:0012448,Wide nasal bridge HP:0000431,Upslanted palpebral fissure HP:0000582","HP:0000303, HP:0001792, HP:0012448, HP:0000431, HP:0000582","7y, 3m",7,3,0.83,2,34,no,2,Adaptive Behavior Assessment System (ABAS) ,Average,2,99,2,1,2, Central  Wood  Clinic,2,,2,positive,Pathogenic,1,22p4.3,253 kb,"The identified 2p4.3 1 is frequently associated with developmental and neurobehavioral disorders, including intellectual disability.",1,,,WGS,WGS,"DNBSEQ G-400, MGI",,GRCh 37 (hg19),PIGV,19,1,1,hemizygous,NM_345120.4,c.1813dup,Val25dup,4,,,4,No,,,,,,,,,,,,,IMGGE Server,External HD,,
RFZO 018,Tuberous sclerosis-2,# 613254,,Q85.1,03.03.2020,Slovakia,1,"2y, 6m",2,6,0.67,99,no,2,Mother,2,1,1,"Cafe-au-lait spot HP:0000957,Epileptic spasm HP:0011097,Bradycardia HP:0001662,Infantile spasms HP:0012469","HP:0000957, HP:0011097, HP:0001662, HP:0012469","2y, 6m",2,6,0.67,2,43,no,2,Vineland Adaptive Behavior Scales,Average,1,1,2,2,99, Centralna  Rieka Nemocnica,1,no,1,,,2,,,,1,,,WGS,WGS,"DNBSEQ G-400, MGI",,GRCh 38,TSC2,8,2,3,homozygosis,NM_452638.4,c.849_850ins858_895,,3,c.9002_9009delinsTTT,Asp90del,3,Yes,LMNA,22,2.0,4,hom,NM_949906.4,c.3921dup,p.(His321_Glu383del),3,c.5657_5660inv,p.(Val559_Glu561del),4,IMGGE Server,,,
RFZO 019,Hyperkalemic periodic paralysis,# 170500,,G72.3,11.11.2014,Moldova,2,4y,4,0,0.33,1,no,1,,1,,1,"Myotonia HP:0002486,Periodic hyperkalemic paralysis HP:0007215,Episodic flaccid weakness HP:0003752,Hyperkalemia HP:0002153,Infantile onset HP:0003593","HP:0002486, HP:0007215, HP:0003752, HP:0002153, HP:0003593",4y,4,0,0.33,99,no,no,1,,no,1,1,2,2,1, County  Wood  Health Institute,2,,2,positive,Likely pathogenic,2,12p6.2,551 kb,"The identified 12p6.2 3 is frequently associated with developmental and neurobehavioral disorders, including intellectual disability.",2,other,positive,WGS,WGS,"MiSeq, Illumina",,GRCh 38,SCN4A,15,2,1,homozygosis,NM_426157.4,c.1704+1dup,p.(Pro458_Gly460dup),4,c.3921dup,p.[Ser44Arg;Trp46Arg],No,No,,,,,,,,,,,,,IMGGE Server,,,
RFZO 020,"METHYLMALONIC ACIDURIA, type cba1",# 251100,,E71.2,11.01.2016,Georgia,1,"4y, 8m",4,8,1.0,1,no,1,,2,1,1,"Decreased circulating adenosylcobalamin concentration HP:0003145,Failure to thrive HP:0001508,Methylmalonic acidemia HP:0002912,Pancytopenia HP:0001876","HP:0003145, HP:0001508, HP:0002912, HP:0001876","4y, 8m",4,8,1.0,2,37,no,2,Leiter-3,Below average,2,2,2,2,2, Central  River  Health Institute,1,no,1,,,2,,,,1,,,CES,CES,"NextSeq 2000, Illumina",,GRCh 37 (hg19),MMAA,8,2,5,homozygosis,NM_974546.4,c.240_241insAGG,p.Lys2_Gly3insGlnSerLys,4,c.5697del,p.Ala2[10];[11],1,No,,,,,,,,,,,,,IMGGE Server,External HD,,
RFZO 021,"Hypotonia, infantile, with psychomotor retardation and characteristic facies 2",# 616801,,Q87.0,06.05.2007,Iceland,1,"8y, 4m",8,4,1.0,1,no,99,,2,1,1,"Anteverted nares HP:0000463,Prominent nose HP:0000448,Prominent nasal bridge HP:0000426,Prominent forehead HP:0011220","HP:0000463, HP:0000448, HP:0000426, HP:0011220","8y, 4m",8,4,1.0,2,30,no,2,Leiter-3,Below average,99,1,2,2,2, Miostoo  A  Leknamiostoo,1,no,99,,,3,,,,1,,,WES,WES,"DNBSEQ G-400, MGI",,GRCh 37 (hg19),UNC80,10,1,5,hom,NM_742898.4,c.5657_5660inv,,3,,,2,No,,,,,,,,,,,,,IMGGE Server,External HD,,
RFZO 022,Bardet-Biedl syndrome 7,,*607590,Q87.83,01.06.2018,Cyprus,2,"3y, 3m",3,3,0.5,1,no,2,Father,1,,1,,,"3y, 3m",3,3,0.5,2,58,no,2,Adaptive Behavior Assessment System (ABAS) ,Average,1,1,2,99,2, University  City  Clinic,1,no,2,inconclusive,Pathogenic,2,12p6.2,442 kb,"The identified 22p4.3 2 is frequently associated with developmental and neurobehavioral disorders, including intellectual disability.",1,,,WGS,WGS,"DNBSEQ G-400, MGI",,GRCh 37 (hg19),BBS7,21,1,5,homozygosis,NM_946866.4,c.79_80delinsTT,p.Trp24Ter,2,,,2,Yes,RYR2,13,2.0,2,heterozygosis,NM_254193.4,c.6775_6777delinsC,Val25dup,2,c.6955_6993CAG[26],p.Ala2[10],1,IMGGE Server,External HD,,
RFZO 023,"Nemaline myopathy 2, autosomal recessive; Scapuloperoneal spinal muscular atrophy i Congenital distal spinal muscular atrophy",# 256030,* 605427,"G72.4, G12.0",13.11.2016,Austria,1,3y,3,0,0.25,2,First,1,,2,2,99,"Slender build HP:0001533,Long philtrum HP:0000343,Weakness of facial musculature HP:0030319,Fatty replacement of skeletal muscle HP:0012548","HP:0001533, HP:0000343, HP:0030319, HP:0012548",3y,3,0,0.25,2,49,no,2,Reynolds Intellectual Assessment Scales (RIAS),Below average,99,1,1,1,2, Klinisches Berg Krankenhaus,1,no,1,,,1,,,,2,other,negative,CES,CES,"DNBSEQ G-400, MGI",,GRCh 37 (hg19),"NEB,TRPV4",13,1,3,hemizygous,NM_662712.4,c.1704+1del,p.(His321_Glu383del),4,,,3,No,,,,,,,,,,,,,IMGGE Server,External HD,,
RFZO 024,Ataxia-telangiectasia,# 208900,,g13.11,12.11.2010,Estonia,2,6y,6,0,0.5,1,no,2,Brother,2,1,1,"Defective B cell differentiation HP:0005357,Decreased proportion of CD4-positive helper T cells HP:0005407,Acute lymphoblastic leukemia HP:0006721,Lymphopenia HP:0001888","HP:0005357, HP:0005407, HP:0006721, HP:0001888",6y,6,0,0.5,2,20,no,2,Reynolds Intellectual Assessment Scales (RIAS),Below average,99,1,2,2,2, St.  River  Health Institute,2,,2,positive,VUS,1,22p4.3,353 kb,"The identified 17q11.5 1 is frequently associated with developmental and neurobehavioral disorders, including intellectual disability.",1,,,CES,CES,"NextSeq550, Illumina",,GRCh 38,ATM,4,2,1,heterozygosis,NM_251718.4,c.79_80delinsTT,p.Trp24Ter,1,c.3922dup,p.Cys28_Lys29delinsTrp,3,No,,,,,,,,,,,,,,External HD,,
RFZO 025,"Intellectual developmental disorder, X-linked",# 309530,,Q93.2,14.12.2020,Lithuania,2,1y,1,0,0.08,1,no,1,,2,3,2,"Atonic seizure HP:0010819,Aggressive behavior HP:0000718,Brachycephaly HP:0000248,Secondary microcephaly HP:0005484","HP:0010819, HP:0000718, HP:0000248, HP:0005484",1y,1,0,0.08,2,31,no,2,Adaptive Behavior Assessment System (ABAS) ,Below average,2,2,2,2,2, Regionin  Up Ligonin?,1,no,1,,,3,,,,2,FraX,positive,WES,WES,,"Ion S5, Thermo Fisher Scientific",GRCh 38,IQSEC2,18,2,1,heterozygosis,NM_326175.4,c.171_239GCA[34],p.Ala2[10],2,c.6775_6777delinsC,,1,No,,,,,,,,,,,,,IMGGE Server,External HD,,
RFZO 026,"ALLAN-HERNDON-DUDLEY SYNDROME, AHDS",# 300523,,E70.8,09.06.2007,Norway,1,"8y, 3m",8,3,0.92,1,no,1,,1,,1,"Rotary nystagmus HP:0001583,Prominent antihelix HP:0000395,Narrow forehead HP:0000341,Pes planus HP:0001763,Abnormal conjugate eye movement HP:0000549","HP:0001583, HP:0000395, HP:0000341, HP:0001763, HP:0000549","8y, 3m",8,3,0.92,2,11,no,2,Bayley Scales of Infant and Toddler Development (Bayley-III),Average,2,2,1,2,99, Nasjonal  Innsjo  Klinikk,2,,2,positive,Likely pathogenic,1,2p4.3,309 kb,"The identified 2p4.3 3 is frequently associated with developmental and neurobehavioral disorders, including intellectual disability.",1,,,WES,WES,"MiSeq, Illumina",,GRCh 37 (hg19),SLC16A2,16,2,3,hom,NM_792825.4,c.145_147delinsTGG,,4,c.4072-1234_5155-246del,p.Lys2_Gly3insGlnSerLys,3,No,,,,,,,,,,,,,IMGGE Server,External HD,,
RFZO 027,"Microcephaly with or without chorioretinopathy, lymphedema, or mental retardation, MCLID",# 152950,,Q02,20.03.2023,Finland,2,6m,0,6,0.5,1,no,1,,1,,2,"Protruding ear HP:0000411,Cataract HP:0000518,Prominent forehead HP:0011220,Retinal detachment HP:0000541,Myopia HP:0000545","HP:0000411, HP:0000518, HP:0011220, HP:0000541, HP:0000545",6m,0,6,0.5,2,46,no,2,Leiter-3,Below average,2,2,1,2,2,Yleinen  Jarvi  Terveyslaitos,2,,1,,,3,,,,1,,,WGS,WGS,"DNBSEQ G-400, MGI",,GRCh 37 (hg19),KIF11,20,1,1,homozygosis,NM_752644.4,c.850_901delinsTTCCTCGATGCCTG,p.[Ser44Arg;Trp46Arg],2,,,3,No,,,,,,,,,,,,,IMGGE Server,External HD,,
RFZO 028,"Hypotonia, infantile, with psychomotor retardation and characteristic facies 2",# 616801,,Q87.0,10.01.2010,Monaco,1,"7y, 8m",7,8,1.25,1,no,1,,1,,2,"Anteverted nares HP:0000463,Prominent nose HP:0000448,Prominent nasal bridge HP:0000426,Prominent forehead HP:0011220","HP:0000463, HP:0000448, HP:0000426, HP:0011220","7y, 8m",7,8,1.25,2,66,no,2,Adaptive Behavior Assessment System (ABAS) ,Below average,1,1,2,1,1, Universite  Riviere  Centre Medical,1,no,1,,,2,,,,1,,,CES,CES,"NextSeq550, Illumina",,GRCh 37 (hg19),UNC80,18,2,5,hemizygous,NM_173606.4,c.1813del,Asp90del,4,c.145_147delinsTGG,p.Trp24Ter,3,No,,,,,,,,,,,,,IMGGE Server,External HD,,
RFZO 029,Developmental and epileptic encephalopathy 5,# 613477,,G40.9,10.08.2009,Azerbaijan,1,"7y, 1m",7,1,0.67,1,no,2,Mother,99,,99,"Cerebral cortical atrophy HP:0002120,Intellectual disability, profound HP:0002187,Epileptic encephalopathy HP:0200134,Progressive microcephaly HP:0000253","HP:0002120, HP:0002187, HP:0200134, HP:0000253","7y, 1m",7,1,0.67,2,11,no,2,Reynolds Intellectual Assessment Scales (RIAS),Below average,2,2,2,1,2, National  City  Health Institute,1,no,1,,,2,,,,1,,,CES,CES,"NextSeq 2000, Illumina",,GRCh 37 (hg19),SPTAN1,22,2,2,het,NM_127338.4,c.5697del,p.Val7del,2,c.235_237delinsTAT,p.[Ser44Arg;Trp46Arg],3,Yes,PCSK9,18,2.0,1,heterozygosis,NM_864650.4,c.20_23dup,,No,c.9002_9009delinsTTT,p.Arg78_Gly79ins,1,IMGGE Server,External HD,,
RFZO 030,"Developmental and epileptic encephalopathy 11, Episodic ataxia, type 9, Seizures, benign familial infantile, 3; Dystonia-1, torsion","# 613721, # 618924, # 607745",* 182390,"G40.8, G25.3, G40.4, G24.0",08.08.2007,Slovakia,1,"8y, 1m",8,1,0.75,1,no,1,,1,,99,"Spastic tetraplegia HP:0002510,Status epilepticus HP:0002133,Epileptic encephalopathy HP:0200134,Severe global developmental delay HP:0011344,Childhood onset HP:0011463","HP:0002510, HP:0002133, HP:0200134, HP:0011344, HP:0011463","8y, 1m",8,1,0.75,2,47,no,2,Leiter-3,Below average,2,2,2,2,1,Vseobecna  Mesto Nemocnica,1,no,99,,,1,,,,2,FraX,negative,WGS,WGS,"MiSeq, Illumina",,GRCh 38,"SCN2A,TOR1A",X,1,3,het,NM_193259.4,c.93+1G>T,p.Trp24Cys,2,,,2,No,,,,,,,,,,,,,IMGGE Server,External HD,,
RFZO 031,"Microcephaly with or without chorioretinopathy, lymphedema, or mental retardation, MCLID",# 152950,,Q02,31.10.2009,Cyprus,1,7y,7,0,0.58,1,no,2,Sister,1,,2,"Protruding ear HP:0000411,Cataract HP:0000518,Prominent forehead HP:0011220,Retinal detachment HP:0000541,Myopia HP:0000545","HP:0000411, HP:0000518, HP:0011220, HP:0000541, HP:0000545",7y,7,0,0.58,2,43,no,99,,no,2,2,1,2,2, County Hill  Medical Center,1,no,1,,,3,,,,2,FraX,positive,WES,WES,"NextSeq 2000, Illumina",,GRCh 38,KIF11,6,2,2,het,NM_007492.4,c.849_850ins858_895,,4,c.145_147delinsTGG,p.Lys23dup,2,No,,,,,,,,,,,,,IMGGE Server,External HD,,
RFZO 032,"L-2-hydroxyglutaric aciduria, L2HGA",# 236792,,E72.3,26.08.2023,Hungary,2,1m,0,1,0.08,99,no,2,Aunt,1,,1,"Developmental regression HP:0002376,Nystagmus HP:0000639,L-2-hydroxyglutaric acidemia HP:0040147,Hearing impairment HP:0000365","HP:0002376, HP:0000639, HP:0040147, HP:0000365",1m,0,1,0.08,2,47,no,2,Wechsler Adult Intelligence Scale (WAIS),Below average,2,1,2,2,1, Regionalis Hegy Korhaz,2,,1,,,3,,,,2,MLPA,positive,CES,CES,"NextSeq 2000, Illumina",,GRCh 37 (hg19),L2HGDH,20,1,3,heterozygosis,NM_214440.4,c.6955_6993CAG[26],p.Ala2[10];[11],3,,,No,Yes,MYH7,Y,1.0,3,heterozygosis,NM_343611.4,c.(222_226)insG,p.[Ser44Arg;Trp46Arg],4,,,,IMGGE Server,External HD,,
RFZO 033,"Intellectual developmental disorder, autosomal recessive 46",# 616116,,Q93.8,01.07.2021,Portugal,99,"1y, 2m",1,2,0.25,1,no,1,,99,,2,"Agitation HP:0000713,Epicanthus HP:0000286,Growth delay HP:0001510,Strabismus HP:0000486,Protruding ear HP:0000411","HP:0000713, HP:0000286, HP:0001510, HP:0000486, HP:0000411","1y, 2m",1,2,0.25,99,no,no,1,,no,2,2,1,2,99, Regional  Rio  Instituto de Saude,2,,1,,,1,,,,99,,,WES,WES,,"Sequel II, Pacific Biosciences",GRCh 37 (hg19),NDST1,17,2,3,het,NM_807800.4,c.1813dup,Val25dup,1,c.850_901delinsTTCCTCGATGCCTG,p.Lys23_Val25del,4,Yes,MYBPC3,Y,1.0,3,hemizygous,NM_481280.4,c.849_850ins858_895,p.Arg78_Gly79ins,2,,,,IMGGE Server,,,
RFZO 034,"Intellectual developmental disorder, X-linked syndromic, Turner type",# 309590,,Q87.2,18.07.2007,Malta,2,"8y, 2m",8,2,0.83,1,no,1,,2,2,1,"Overlapping toe HP:0001845,Upslanted palpebral fissure HP:0000582,Esotropia HP:0000565,Epicanthus inversus HP:0000537","HP:0001845, HP:0000582, HP:0000565, HP:0000537","8y, 2m",8,2,0.83,2,59,no,2,Adaptive Behavior Assessment System (ABAS) ,Average,2,2,2,2,99, National  Wood Hospital,1,no,1,,,3,,,,1,,,CES,CES,"NextSeq550, Illumina",,GRCh 37 (hg19),HUWE1,13,1,1,heterozygosis,NM_116806.4,c.3922dup,p.Val7dup,3,,,No,No,,,,,,,,,,,,,IMGGE Server,External HD,,
RFZO 035,Combined oxidative phosphorylation deficiency 12,# 614924,,E88.40,07.12.2017,Poland,1,3y,3,0,0.25,1,no,99,,2,3,1,"Dysplastic corpus callosum HP:0006989,Elevated circulating alanine aminotransferase concentration HP:0031964,Ragged-red muscle fibers HP:0003200,Ptosis HP:0000508","HP:0006989, HP:0031964, HP:0003200, HP:0000508",3y,3,0,0.25,2,42,no,2,Reynolds Intellectual Assessment Scales (RIAS),Average,2,2,2,2,2, National  City Hospital,2,,2,positive,Benign,3,16q11.3,947 kb,"The identified 12p6.2 1 is frequently associated with developmental and neurobehavioral disorders, including intellectual disability.",2,MLPA,inconclusive,WGS,WGS,"NextSeq 2000, Illumina",,GRCh 37 (hg19),EARS2,1,2,3,het,NM_908962.4,c.1813del,Asp90del,1,c.260_264+48dup,,3,No,,,,,,,,,,,,,IMGGE Server,External HD,,
RFZO 036,Hyperkalemic periodic paralysis,# 170500,,G72.3,07.04.2012,Slovenia,99,"6y, 5m",6,5,0.92,1,no,2,Mother,1,,1,"Myotonia HP:0002486,Periodic hyperkalemic paralysis HP:0007215,Episodic flaccid weakness HP:0003752,Hyperkalemia HP:0002153,Infantile onset HP:0003593","HP:0002486, HP:0007215, HP:0003752, HP:0002153, HP:0003593","6y, 5m",6,5,0.92,2,20,no,2,Leiter-3,Average,2,2,2,2,2, Nacionalna  Reka  Klinika,1,no,2,positive,Likely pathogenic,1,12p6.2,105 kb,"The identified 12p6.2 1 is frequently associated with developmental and neurobehavioral disorders, including intellectual disability.",2,MLPA,negative,WGS,WGS,"MiSeq, Illumina",,GRCh 38,SCN4A,16,1,2,hom,NM_568428.4,c.89_118AGC[13],p.Gln18[23],No,,,1,Yes,TBX5,13,2.0,2,heterozygosis,NM_386896.4,c.169_170insA,p.Ala2[10],4,c.1704+1del,p.Trp4del,3,,External HD,,
RFZO 037,"Hypotonia, infantile, with psychomotor retardation and characteristic facies 2",# 616801,,Q87.0,11.12.2011,Ireland,99,6y,6,0,0.5,1,no,2,Sister,1,,1,"Anteverted nares HP:0000463,Prominent nose HP:0000448,Prominent nasal bridge HP:0000426,Prominent forehead HP:0011220","HP:0000463, HP:0000448, HP:0000426, HP:0011220",6y,6,0,0.5,2,64,no,2,Leiter-3,Average,2,2,1,2,1, County  Wood Hospital,2,,2,positive,VUS,2,16q11.3,305 kb,"The identified 17q11.5 3 is frequently associated with developmental and neurobehavioral disorders, including intellectual disability.",1,,,WGS,WGS,"DNBSEQ G-400, MGI",,GRCh 37 (hg19),UNC80,15,1,3,heterozygosis,NM_015068.4,c.5697del,p.Val7del,4,,,4,Yes,TREM2,5,1.0,1,homozygosis,NM_609003.4,c.850_901delinsTTCCTCGATGCCTG,,2,,,,IMGGE Server,External HD,,
RFZO 038,"L-2-hydroxyglutaric aciduria, L2HGA",# 236792,,E72.3,05.08.2024,Bosnia and Herzegovina,2,1m,0,1,0.08,1,no,1,,1,,1,"Developmental regression HP:0002376,Nystagmus HP:0000639,L-2-hydroxyglutaric acidemia HP:0040147,Hearing impairment HP:0000365","HP:0002376, HP:0000639, HP:0040147, HP:0000365",1m,0,1,0.08,2,29,no,2,Bayley Scales of Infant and Toddler Development (Bayley-III),Average,2,2,1,1,1, Univerzitetska  Jezero  Medicinski Centar,2,,1,,,3,,,,2,MLPA,negative,WGS,WGS,"DNBSEQ G-400, MGI",,GRCh 38,L2HGDH,11,2,3,het,NM_558709.4,c.3922dup,p.Val7dup,3,c.235_237delinsTAT,p.Gln18[23],2,No,,,,,,,,,,,,,IMGGE Server,,,
RFZO 039,"ALLAN-HERNDON-DUDLEY SYNDROME, AHDS",# 300523,,E70.8,09.09.2009,Greece,1,7y,7,0,0.58,1,no,1,,99,,1,"Rotary nystagmus HP:0001583,Prominent antihelix HP:0000395,Narrow forehead HP:0000341,Pes planus HP:0001763,Abnormal conjugate eye movement HP:0000549","HP:0001583, HP:0000395, HP:0000341, HP:0001763, HP:0000549",7y,7,0,0.58,2,51,no,1,,no,2,2,2,2,2, Central  Wood  Clinic,1,no,2,negative,Benign,3,2p4.3,539 kb,"The identified 12p6.2 1 is frequently associated with developmental and neurobehavioral disorders, including intellectual disability.",2,MLPA,positive,WGS,WGS,,"Sequel II, Pacific Biosciences",GRCh 38,SLC16A2,Y,2,2,hom,NM_277530.4,c.4661delinsTC,p.Cys28delinsTrpVal,2,c.3921del,Asp90del,3,Yes,JAG1,16,2.0,3,hemizygous,NM_191542.4,c.1704+1dup,p.Lys79Tyr,2,c.4072-1234_5155-246del,p.Cys28delinsTrpVal,No,IMGGE Server,,,
RFZO 040,"Developmental and epileptic encephalopathy 7, DEE7", 613720,,G40.809,29.12.2017,Italy,2,3y,3,0,0.25,1,no,2,Uncle,1,,99,,,3y,3,0,0.25,2,40,no,2,Vineland Adaptive Behavior Scales,Average,2,2,2,2,1,Generale  Bosco  Clinica,1,no,2,negative,Pathogenic,1,3q9.4,214 kb,"The identified 3q9.4 3 is frequently associated with developmental and neurobehavioral disorders, including intellectual disability.",1,,,WES,WES,"MiSeq, Illumina",,GRCh 37 (hg19),KCNQ2,15,1,4,hemizygous,NM_572621.4,c.(4071+1_4072-1)_(5154+1_5155-1)del,,2,,,No,No,,,,,,,,,,,,,,External HD,,
RFZO 041,"Seizures, benign familial infantile; Convulsions, familial infantile, with paroxysmal choreoathetosis; Episodic kinesigenic dyskinesia",,* 614386,"G40.4, G40.8, G24.1",29.05.2024,Russia,2,4m,0,4,0.33,1,no,1,,1,,1,,,4m,0,4,0.33,2,46,no,2,Bayley Scales of Infant and Toddler Development (Bayley-III),Average,2,2,1,2,2,Royal Hill  Clinic,1,no,1,,,2,,,,1,,,WGS,WGS,"NextSeq550, Illumina",,GRCh 38,PRRT2,2,2,1,heterozygosis,NM_466313.4,c.89_118AGC[13],p.Gln18[23],1,c.169_170insA,p.Gln18[23],2,No,,,,,,,,,,,,,IMGGE Server,External HD,,
RFZO 042,"Hypotonia, infantile, with psychomotor retardation and characteristic facies 2",# 616801,,Q87.0,04.10.2012,Bulgaria,2,5y,5,0,0.42,1,no,2,Mother,1,,1,"Anteverted nares HP:0000463,Prominent nose HP:0000448,Prominent nasal bridge HP:0000426,Prominent forehead HP:0011220","HP:0000463, HP:0000448, HP:0000426, HP:0011220",5y,5,0,0.42,2,28,no,2,Wechsler Intelligence Scale for Children (WISC),Average,2,2,1,1,1, National  City  Health Institute,2,,2,negative,Likely pathogenic,1,3q9.4,784 kb,"The identified 22p4.3 1 is frequently associated with developmental and neurobehavioral disorders, including intellectual disability.",2,MLPA,positive,WGS,WGS,"MiSeq, Illumina",,GRCh 37 (hg19),UNC80,1,1,3,het,NM_981094.4,c.1704+1dup,p.(Pro458_Gly460dup),2,,,2,No,,,,,,,,,,,,,IMGGE Server,External HD,,
RFZO 043,"Nemaline myopathy 2, autosomal recessive; Scapuloperoneal spinal muscular atrophy i Congenital distal spinal muscular atrophy",# 256030,* 605427,"G72.4, G12.0",29.04.2009,Iceland,99,"7y, 5m",7,5,1.0,1,no,2,Aunt,1,,1,"Slender build HP:0001533,Long philtrum HP:0000343,Weakness of facial musculature HP:0030319,Fatty replacement of skeletal muscle HP:0012548","HP:0001533, HP:0000343, HP:0030319, HP:0012548","7y, 5m",7,5,1.0,2,52,no,2,Wechsler Adult Intelligence Scale (WAIS),Below average,2,2,99,1,2, Miostoo  A  Leknamiostoo,1,no,1,,,1,,,,2,other,negative,WES,WES,"NextSeq550, Illumina",,GRCh 38,"NEB,TRPV4",20,1,2,heterozygosis,NM_565967.4,c.(4071+1_4072-1)_(5154+1_5155-1)del,,3,,,4,No,,,,,,,,,,,,,,External HD,,
RFZO 044,Aicardi-Goutieres syndrome 2,# 610181,* 610326,E79.81,17.09.2017,Georgia,2,3y,3,0,0.25,99,no,1,,2,4,1,"Spastic paraplegia HP:0001258,Variable expressivity HP:0003828,Dystonia HP:0001332,Basal ganglia calcification HP:0002135,Microcephaly HP:0000252","HP:0001258, HP:0003828, HP:0001332, HP:0002135, HP:0000252",3y,3,0,0.25,2,26,no,2,Wechsler Intelligence Scale for Children (WISC),Average,2,2,1,2,2, County  River  Medical Center,2,,2,negative,Benign,2,3q9.4,934 kb,"The identified 16q11.3 1 is frequently associated with developmental and neurobehavioral disorders, including intellectual disability.",1,,,WES,WES,"MiSeq, Illumina",,GRCh 38,RNASEH2B,9,1,1,het,NM_007949.4,c.1704+1del,p.(His321_Glu383del),3,,,1,No,,,,,,,,,,,,,IMGGE Server,External HD,,
RFZO 045,X-linked lissencephaly i X-linked subcortical laminal heterotopia,# 300067,,Q04.4,14.08.2020,Serbia,1,"2y, 1m",2,1,0.25,99,no,1,,2,1,2,"Lissencephaly HP:0001339,Axial hypotonia HP:0008936,Gray matter heterotopia HP:0002282,Nystagmus HP:0000639","HP:0001339, HP:0008936, HP:0002282, HP:0000639","2y, 1m",2,1,0.25,2,50,no,2,Battelle Developmental Inventory (BDI),Average,2,2,2,1,1, Centralna  Jezero  Medicinski Centar,2,,99,,,2,,,,1,,,WGS,WGS,"NextSeq 2000, Illumina",,GRCh 38,DCX,12,1,1,het,NM_790179.4,c.9002_9009delinsTTT,p.(Val559_Glu561del),No,,,1,Yes,TTN,8,1.0,3,heterozygosis,NM_914936.4,c.6955_6993CAG[26],,No,,,,IMGGE Server,External HD,,
RFZO 046,"Homocystinuria, B6-responsive and nonresponsive types",# 236200,,E72.11,16.01.2012,Albania,1,"6y, 8m",6,8,1.17,1,no,1,,1,,2,"Mitral valve prolapse HP:0001634,Brain atrophy HP:0012444,Glaucoma HP:0000501,Retinal detachment HP:0000541","HP:0001634, HP:0012444, HP:0000501, HP:0000541","6y, 8m",6,8,1.17,2,63,no,2,Adaptive Behavior Assessment System (ABAS) ,Below average,2,1,1,1,1,Rajonal  Liqen  Health Institute,1,no,2,positive,Likely benign,1,3q9.4,360 kb,"The identified 22p4.3 2 is frequently associated with developmental and neurobehavioral disorders, including intellectual disability.",2,FraX,positive,WGS,WGS,"NextSeq 2000, Illumina",,GRCh 37 (hg19),CBS,20,1,1,hemizygous,NM_499946.4,c.89_118AGC[13],p.Gln18[23],No,,,2,Yes,LMNA,15,2.0,2,heterozygosis,NM_273519.4,c.20_23dup,,1,c.79_80delinsTT,p.Ala2[10];[11],1,,External HD,,
RFZO 047,"Developmental and epileptic encephalopathy 28, Spinocerebellar ataxia type 12","# 616211, # 614322",,"G40.8, G11.1",26.02.2020,Moldova,1,"2y, 7m",2,7,0.75,2,First,2,Aunt,2,4,1,"Generalized clonic seizure HP:0011169,Anteverted nares HP:0000463,Secondary microcephaly HP:0005484,Upslanted palpebral fissure HP:0000582,Retinal degeneration HP:0000546","HP:0011169, HP:0000463, HP:0005484, HP:0000582, HP:0000546","2y, 7m",2,7,0.75,2,68,no,2,Bayley Scales of Infant and Toddler Development (Bayley-III),Below average,1,1,2,1,2, National  Lake  Health Institute,2,,1,,,2,,,,1,,,CES,CES,"DNBSEQ G-400, MGI",,GRCh 37 (hg19),WWOX,7,1,2,het,NM_073053.4,c.4661delinsTC,p.Cys28delinsTrpVal,1,,,4,No,,,,,,,,,,,,,IMGGE Server,External HD,,
RFZO 048,Kabuki syndrome-2,# 300867,,Q87.8,04.12.2008,Romania,2,7y,7,0,0.58,1,no,2,Brother,2,1,1,"Recurrent otitis media HP:0000403,Strabismus HP:0000486,Depressed nasal tip HP:0000437,Long eyelashes HP:0000527","HP:0000403, HP:0000486, HP:0000437, HP:0000527",7y,7,0,0.58,1,no,no,1,,no,2,2,99,2,2, St.  Lake  Medical Center,1,no,1,,,1,,,,2,MLPA,negative,WES,WES,"MiSeq, Illumina",,GRCh 37 (hg19),KDM6A,11,2,2,het,NM_827241.4,c.79_80delinsTT,p.Trp24Ter,4,c.5697del,p.(Val559_Glu561del),2,No,,,,,,,,,,,,,,,,
RFZO 049,Myoclonic-atonic epilepsy,# 616421,,G40.8,06.01.2023,Iceland,2,8m,0,8,0.67,2,Second,1,,1,,1,"Attention deficit hyperactivity disorder HP:0007018,Atonic seizure HP:0010819,Autistic behavior HP:0000729,Myoclonic seizure HP:0032794","HP:0007018, HP:0010819, HP:0000729, HP:0032794",8m,0,8,0.67,2,67,no,2,Vineland Adaptive Behavior Scales,Below average,2,2,1,1,2, Miostoo  Borg  Leknamiostoo,2,,2,negative,Pathogenic,2,3q9.4,971 kb,"The identified 22p4.3 3 is frequently associated with developmental and neurobehavioral disorders, including intellectual disability.",1,,,WGS,WGS,"MiSeq, Illumina",,GRCh 37 (hg19),SLC6A1,17,1,2,heterozygosis,NM_496678.4,c.419_420ins[T;401_419],p.Arg78_Gly79ins,4,,,4,Yes,KCNQ1,12,1.0,2,hemizygous,NM_112855.4,c.235_237delinsTAT,p.Lys23_Val25del,No,,,,IMGGE Server,External HD,,
RFZO 050,"L-2-hydroxyglutaric aciduria, L2HGA",# 236792,,E72.3,29.04.2016,Estonia,2,"4y, 5m",4,5,0.75,99,no,1,,1,,2,"Developmental regression HP:0002376,Nystagmus HP:0000639,L-2-hydroxyglutaric acidemia HP:0040147,Hearing impairment HP:0000365","HP:0002376, HP:0000639, HP:0040147, HP:0000365","4y, 5m",4,5,0.75,2,34,no,2,Vineland Adaptive Behavior Scales,Average,1,1,1,99,99, Central Hill  Clinic,2,,2,positive,Benign,3,12p6.2,483 kb,"The identified 2p4.3 1 is frequently associated with developmental and neurobehavioral disorders, including intellectual disability.",1,,,WGS,WGS,"NextSeq550, Illumina",,GRCh 37 (hg19),L2HGDH,19,1,2,heterozygosis,NM_226314.4,c.3921dup,p.Lys23dup,No,,,3,Yes,IL23R,20,2.0,3,het,NM_051178.4,c.260_264+48dup,Asp90del,No,c.(222_226)insG,Val25dup,3,IMGGE Server,External HD,,
RFZO 051,"Subcortical laminar heterotopia, Lissencephaly",# 607432,,Q04.0,31.03.2013,Albania,1,"5y, 6m",5,6,0.92,99,no,2,Mother,1,,1,"Axial hypotonia HP:0008936,Congenital onset HP:0003577,Hypoplasia of the brainstem HP:0002365,Secondary microcephaly HP:0005484","HP:0008936, HP:0003577, HP:0002365, HP:0005484","5y, 6m",5,6,0.92,2,52,no,2,Bayley Scales of Infant and Toddler Development (Bayley-III),Below average,1,1,2,1,2,Kombetar  Pyll  Medical Center,1,no,1,,,3,,,,2,FraX,positive,WES,WES,,"Ion S5, Thermo Fisher Scientific",GRCh 37 (hg19),PAFAH1B1,10,2,5,hemizygous,NM_735450.4,c.171_239GCA[34],p.Ala2[10],1,c.6775_6777delinsC,p.[Ser44Arg;Trp46Arg],No,Yes,TNNI3,14,2.0,4,het,NM_142335.4,c.3921del,p.Trp24Cys,No,c.6775_6777delinsC,,4,IMGGE Server,External HD,,
RFZO 052,"Cognitive impairment with or without cerebellar ataxia; Developmental and epileptic encephalopathy, DEE13","# 614306, # 614558",,"R41.3, F84.0, G11.1, G40.0, F84.2",27.01.2024,Denmark,1,8m,0,8,0.67,1,no,2,Aunt,1,,1,"Intellectual disability, borderline HP:0006889,Amblyopia HP:0000646,Delayed speech and language development HP:0000750,Polyhydramnios HP:0001561","HP:0006889, HP:0000646, HP:0000750, HP:0001561",8m,0,8,0.67,1,no,no,1,,no,99,1,1,2,1, Nationale  So  Medicinsk Center,2,,2,negative,Benign,1,2p4.3,214 kb,"The identified 17q11.5 3 is frequently associated with developmental and neurobehavioral disorders, including intellectual disability.",2,other,inconclusive,WES,WES,"MiSeq, Illumina",,GRCh 37 (hg19),SCN8A,14,1,3,homozygosis,NM_471999.4,c.145_147delinsTGG,,2,,,2,No,,,,,,,,,,,,,IMGGE Server,External HD,,
RFZO 053,"Developmental and epileptic encephalopathy 11, Episodic ataxia, type 9, Seizures, benign familial infantile, 3; Dystonia-1, torsion","# 613721, # 618924, # 607745",* 182390,"G40.8, G25.3, G40.4, G24.0",28.05.2019,Romania,2,"2y, 4m",2,4,0.5,1,no,1,,1,,99,"Spastic tetraplegia HP:0002510,Status epilepticus HP:0002133,Epileptic encephalopathy HP:0200134,Severe global developmental delay HP:0011344,Childhood onset HP:0011463","HP:0002510, HP:0002133, HP:0200134, HP:0011344, HP:0011463","2y, 4m",2,4,0.5,2,41,no,2,Stanford-Binet Intelligence Scales ,Average,2,2,1,99,2, National  City  Medical Center,99,no,1,,,1,,,,2,DNA methylation test,negative,WES,WES,,"Sequel II, Pacific Biosciences",GRCh 38,"SCN2A,TOR1A",17,2,4,homozygosis,NM_086451.4,c.5657_5660inv,,1,c.5697del,p.Lys2_Gly3insGlnSerLys,1,No,,,,,,,,,,,,,IMGGE Server,External HD,,
RFZO 054,"Intellectual developmental disorder, X-linked",# 309530,,Q93.2,15.12.2013,Belarus,1,5y,5,0,0.42,1,no,1,,1,,2,"Atonic seizure HP:0010819,Aggressive behavior HP:0000718,Brachycephaly HP:0000248,Secondary microcephaly HP:0005484","HP:0010819, HP:0000718, HP:0000248, HP:0005484",5y,5,0,0.42,2,47,no,2,Stanford-Binet Intelligence Scales ,Average,2,2,2,99,99, Central  River Hospital,1,no,99,,,3,,,,1,,,WGS,WGS,"MiSeq, Illumina",,GRCh 37 (hg19),IQSEC2,1,1,2,hemizygous,NM_921289.4,c.1813dup,Val25dup,4,,,No,No,,,,,,,,,,,,,,External HD,,
RFZO 055,"SPECC1L syndrome, Craniosynostosis","# 614140, # 604757",,"Q87.8, Q75.0",01.03.2019,Latvia,2,"2y, 6m",2,6,0.67,1,no,1,,1,,1,,,"2y, 6m",2,6,0.67,2,62,no,99,,no,2,2,2,1,1,Royal  City  Clinic,2,,1,,,1,,,,2,MLPA,negative,WES,WES,"DNBSEQ G-400, MGI",,GRCh 37 (hg19),"MSX2,SPECC1L",8,1,5,homozygosis,NM_649073.4,c.4145_4160inv,,No,,,No,Yes,PCSK9,7,1.0,2,homozygosis,NM_725245.4,c.89_118AGC[13],p.Cys28delinsTrpVal,2,,,,IMGGE Server,External HD,,
RFZO 056,Noonan syndrome type I,# 163950,,Q87.1,28.02.2024,Monaco,1,7m,0,7,0.58,1,no,2,Grandmother,1,,1,"Wide intermamillary distance HP:0006610,Cystic hygroma HP:0000476,Short neck HP:0000470,Ptosis HP:0000508,Myopia HP:0000545","HP:0006610, HP:0000476, HP:0000470, HP:0000508, HP:0000545",7m,0,7,0.58,2,50,no,2,Leiter-3,Below average,2,2,2,2,2, Saint  Ville  Clinique,2,,1,,,3,,,,2,DNA methylation test,negative,WGS,WGS,,"Sequel II, Pacific Biosciences",GRCh 38,PTPN11,13,2,2,heterozygosis,NM_394797.4,c.169_170insA,p.His4_Gln5insAla,3,c.850_901delinsTTCCTCGATGCCTG,p.(Val559_Glu561del),4,No,,,,,,,,,,,,,IMGGE Server,External HD,,
RFZO 057,L-2-HYDROXYGLUTARATE DEHYDROGENASE; L2HGDH,,* 609584,Q87.8,18.11.2010,Albania,99,6y,6,0,0.5,1,no,99,,1,,1,,,6y,6,0,0.5,1,no,no,1,,no,2,2,1,2,2,Shenjt Mal Hospital,1,no,99,,,1,,,,99,,,WES,WES,"NextSeq 2000, Illumina",,GRCh 38,L2HGDH,Y,2,4,hom,NM_761861.4,c.5657_5660inv,,No,c.(222_226)insG,p.Cys28_Lys29delinsTrp,3,No,,,,,,,,,,,,,IMGGE Server,,,
RFZO 058,Darier disease,# 124200,,L11.2,14.08.2020,Italy,2,"2y, 1m",2,1,0.25,99,no,1,,1,,1,"Subungual hyperkeratotic fragments HP:0008410,Schizophrenia HP:0100753,Plantar pits HP:0010612,Acrokeratosis HP:0200016,Ridged nail HP:0001807","HP:0008410, HP:0100753, HP:0010612, HP:0200016, HP:0001807","2y, 1m",2,1,0.25,2,45,no,2,Wechsler Adult Intelligence Scale (WAIS),Below average,2,2,1,2,1,Generale  Bosco  Centro Medico,1,no,1,,,1,,,,2,DNA methylation test,negative,WGS,WGS,"NextSeq550, Illumina",,GRCh 37 (hg19),ATP2A2,2,1,2,heterozygosis,NM_719983.4,c.1704+1dup,p.(Pro458_Gly460dup),2,,,4,No,,,,,,,,,,,,,IMGGE Server,External HD,,
RFZO 059,"Developmental and epileptic encephalopathy 28, Spinocerebellar ataxia type 12","# 616211, # 614322",,"G40.8, G11.1",19.10.2020,Croatia,99,1y,1,0,0.08,1,no,2,Mother,1,,1,"Generalized clonic seizure HP:0011169,Anteverted nares HP:0000463,Secondary microcephaly HP:0005484,Upslanted palpebral fissure HP:0000582,Retinal degeneration HP:0000546","HP:0011169, HP:0000463, HP:0005484, HP:0000582, HP:0000546",1y,1,0,0.08,1,no,no,1,,no,2,1,2,2,2, Nacionalna  Suma  Medical Center,1,no,1,,,3,,,,2,other,inconclusive,CES,CES,,"Ion S5, Thermo Fisher Scientific",GRCh 38,WWOX,7,2,1,heterozygosis,NM_356393.4,c.4145_4160inv,,4,c.235_237delinsTAT,p.Trp24Ter,3,No,,,,,,,,,,,,,IMGGE Server,External HD,,
RFZO 060,"Hypotonia, infantile, with psychomotor retardation and characteristic facies 2",# 616801,,Q87.0,10.05.2013,Poland,1,"5y, 4m",5,4,0.75,1,no,1,,2,3,1,"Anteverted nares HP:0000463,Prominent nose HP:0000448,Prominent nasal bridge HP:0000426,Prominent forehead HP:0011220","HP:0000463, HP:0000448, HP:0000426, HP:0011220","5y, 4m",5,4,0.75,2,17,no,99,,no,2,2,1,99,2, County Hill  Medical Center,2,,2,inconclusive,VUS,1,22p4.3,477 kb,"The identified 3q9.4 1 is frequently associated with developmental and neurobehavioral disorders, including intellectual disability.",2,FraX,positive,CES,CES,,"Sequel II, Pacific Biosciences",GRCh 38,UNC80,2,2,3,het,NM_715895.4,c.9002_9009delinsTTT,p.(Val559_Glu561del),1,c.235_237delinsTAT,p.Trp24Ter,3,No,,,,,,,,,,,,,IMGGE Server,External HD,,
RFZO 061,Leber congenital amaurosis,# 204000,,H47.1,22.11.2015,Estonia,2,4y,4,0,0.33,1,no,2,Grandmother,1,,1,"Hyperthreoninuria HP:0003296,Attenuation of retinal blood vessels HP:0007843,Optic disc drusen HP:0012426,Pigmentary retinopathy HP:0000580","HP:0003296, HP:0007843, HP:0012426, HP:0000580",4y,4,0,0.33,2,54,no,2,Bayley Scales of Infant and Toddler Development (Bayley-III),Average,2,2,1,1,2, National  River Hospital,1,no,1,,,3,,,,1,,,WGS,WGS,,"Ion S5, Thermo Fisher Scientific",GRCh 38,CEP290,8,1,3,het,NM_562201.4,c.3922dup,p.Val7dup,2,,,1,No,,,,,,,,,,,,,,External HD,,
RFZO 062,Neurodevelopmental disorder with nonspecific brain abnormalities and with or without seizures,"# 618709, # 300908",,F88,26.12.2014,Finland,1,4y,4,0,0.33,1,no,1,,1,,2,"Attention deficit hyperactivity disorder HP:0007018,Motor stereotypy HP:0000733,Macrocephaly HP:0000256,Microcephaly HP:0000252","HP:0007018, HP:0000733, HP:0000256, HP:0000252",4y,4,0,0.33,2,56,no,2,Wechsler Intelligence Scale for Children (WISC),Below average,2,2,99,1,2, Alueellinen Maki  Laaketieteellinen Keskus,2,,1,,,3,,,,1,,,WES,WES,"DNBSEQ G-400, MGI",,GRCh 38,DLL1,2,2,4,heterozygosis,NM_507398.4,c.6955_6993CAG[26],p.Ala2[10];[11],No,c.4072-1234_5155-246del,,2,Yes,TTN,21,1.0,4,hemizygous,NM_726211.4,c.1704+1del,p.Ala2[10],4,,,,IMGGE Server,External HD,,
RFZO 063,Pierpont syndrome,# 602342,,C94.0,12.10.2017,Slovakia,2,3y,3,0,0.25,1,no,1,,1,,1,"Short neck HP:0000470,Broad foot HP:0001769,Telecanthus HP:0000506,Blepharophimosis HP:0000581,Deep plantar creases HP:0001869","HP:0000470, HP:0001769, HP:0000506, HP:0000581, HP:0001869",3y,3,0,0.25,2,43,no,2,Stanford-Binet Intelligence Scales ,Below average,2,99,2,99,99, Univerzitna  Jazero  Lekarske Centrum,1,no,99,,,1,,,,2,DNA methylation test,negative,WES,WES,"DNBSEQ G-400, MGI",,GRCh 37 (hg19),TBL1XR1,11,2,4,het,NM_547354.4,c.89_118AGC[13],p.Gln18[23],1,c.3921dup,p.Trp4dup,3,No,,,,,,,,,,,,,IMGGE Server,,,
RFZO 064,Glycine encephalopathy,# 620398,,E71.0,06.06.2015,Armenia,1,"4y, 3m",4,3,0.58,1,no,1,,1,,1,"Seizure HP:0001250,Increased CSF glycine concentration HP:0500230,Nonketotic hyperglycinemia HP:0008288,Mild global developmental delay HP:0011342,Respiratory failure HP:0002878","HP:0001250, HP:0500230, HP:0008288, HP:0011342, HP:0002878","4y, 3m",4,3,0.58,2,19,no,2,Adaptive Behavior Assessment System (ABAS) ,Average,2,2,2,1,2, St.  River  Health Institute,2,,2,positive,Pathogenic,1,17q11.5,442 kb,"The identified 2p4.3 2 is frequently associated with developmental and neurobehavioral disorders, including intellectual disability.",1,,,WGS,WGS,,"Ion S5, Thermo Fisher Scientific",GRCh 37 (hg19),AMT,20,2,1,heterozygosis,NM_253807.4,c.849_850ins858_895,,1,c.169_170insA,p.Lys23dup,3,No,,,,,,,,,,,,,IMGGE Server,External HD,,
RFZO 065,Developmental and epileptic encephalopathy 11,#613721,,"G40.8, G40.9",30.07.2018,Slovakia,1,"3y, 2m",3,2,0.42,1,no,1,,1,,2,,,"3y, 2m",3,2,0.42,1,no,no,1,,no,2,99,2,1,2, Centralna Hora  Klinika,99,no,1,,,1,,,,1,,,CES,CES,"NextSeq 2000, Illumina",,GRCh 38,SCN2A,7,2,1,het,NM_188320.4,c.4145_4160inv,,2,c.93+1G>T,p.Lys23dup,No,Yes,BFN2,21,2.0,4,het,NM_396455.4,c.171_239GCA[34],,1,c.1813dup,p.Cys28_Lys29delinsTrp,No,IMGGE Server,External HD,,
RFZO 066,Lowe syndrome,# 309000,,E72.03,03.02.2008,Estonia,2,"8y, 7m",8,7,1.25,1,no,1,,1,,1,"Genu valgum HP:0002857,Dense posterior cortical cataract HP:0007948,Visual impairment HP:0000505,Corneal scarring HP:0000559","HP:0002857, HP:0007948, HP:0000505, HP:0000559","8y, 7m",8,7,1.25,2,22,no,99,,no,99,1,2,1,2, Central  River  Health Institute,1,no,1,,,2,,,,2,MLPA,negative,WES,WES,"MiSeq, Illumina",,GRCh 38,OCRL,10,1,2,heterozygosis,NM_497642.4,c.89_118AGC[13],p.Gln18[23],1,,,1,No,,,,,,,,,,,,,IMGGE Server,External HD,,
RFZO 067,MED13-associated syndrome or Intellectual developmental disorder 61,"# 618009, #143465",* 603808,F70,21.12.2014,Andorra,2,4y,4,0,0.33,1,no,1,,1,,1,"Narrow palpebral fissure HP:0045025,Speech apraxia HP:0011098,Hypertelorism HP:0000316,Chronic constipation HP:0012450,Prominent nasal bridge HP:0000426","HP:0045025, HP:0011098, HP:0000316, HP:0012450, HP:0000426",4y,4,0,0.33,2,68,no,2,Battelle Developmental Inventory (BDI),Below average,2,1,2,2,2, Central  Bosc  Institut de Salut,2,,1,,,2,,,,2,DNA methylation test,negative,WES,WES,"DNBSEQ G-400, MGI",,GRCh 38,"MED13,DRD4",16,2,5,het,NM_881049.4,c.3921dup,p.Lys23dup,2,c.3921del,p.Cys28delinsTrpVal,3,No,,,,,,,,,,,,,IMGGE Server,,,
RFZO 068,Phenylketonuria,# 261600,,E70.0,20.12.2020,Moldova,2,1y,1,0,0.08,1,no,2,Aunt,2,1,1,"Depression HP:0000716,Compulsive behaviors HP:0000722,Scleroderma HP:0100324,Eczematoid dermatitis HP:0000964,Cataract HP:0000518","HP:0000716, HP:0000722, HP:0100324, HP:0000964, HP:0000518",1y,1,0,0.08,99,no,no,1,,no,1,1,2,1,2,Royal  Lake  Medical Center,99,no,2,negative,Benign,1,12p6.2,999 kb,"The identified 16q11.3 3 is frequently associated with developmental and neurobehavioral disorders, including intellectual disability.",1,,,WGS,WGS,"MiSeq, Illumina",,GRCh 37 (hg19),PAH,20,1,2,hom,NM_586224.4,c.260_264+48dup,p.Lys23_Val25dup,4,,,4,No,,,,,,,,,,,,,IMGGE Server,External HD,,
RFZO 069,"Hypotonia, infantile, with psychomotor retardation and characteristic facies 2",# 616801,,Q87.0,10.09.2018,Azerbaijan,1,2y,2,0,0.17,1,no,2,Grandfather,1,,1,"Anteverted nares HP:0000463,Prominent nose HP:0000448,Prominent nasal bridge HP:0000426,Prominent forehead HP:0011220","HP:0000463, HP:0000448, HP:0000426, HP:0011220",2y,2,0,0.17,2,35,no,1,,no,2,1,99,1,1, University  Lake  Health Institute,1,no,1,,,1,,,,1,,,WES,WES,"DNBSEQ G-400, MGI",,GRCh 38,UNC80,X,1,3,homozygosis,NM_301139.4,c.4145_4160inv,,4,,,2,No,,,,,,,,,,,,,IMGGE Server,External HD,,
RFZO 070,"Developmental and epileptic encephalopathy 11, Episodic ataxia, type 9, Seizures, benign familial infantile, 3; Dystonia-1, torsion","# 613721, # 618924, # 607745",* 182390,"G40.8, G25.3, G40.4, G24.0",23.07.2024,Austria,1,2m,0,2,0.17,1,no,1,,1,,1,"Spastic tetraplegia HP:0002510,Status epilepticus HP:0002133,Epileptic encephalopathy HP:0200134,Severe global developmental delay HP:0011344,Childhood onset HP:0011463","HP:0002510, HP:0002133, HP:0200134, HP:0011344, HP:0011463",2m,0,2,0.17,2,56,no,2,Reynolds Intellectual Assessment Scales (RIAS),Average,1,1,2,2,2, Zentrales Berg  Medizinisches Zentrum,1,no,2,negative,Likely benign,2,22p4.3,439 kb,"The identified 12p6.2 2 is frequently associated with developmental and neurobehavioral disorders, including intellectual disability.",1,,,CES,CES,"NextSeq 2000, Illumina",,GRCh 38,"SCN2A,TOR1A",4,1,1,heterozygosis,NM_326408.4,c.1704+1dup,p.(Pro458_Gly460dup),2,,,3,Yes,BFN2,X,2.0,2,het,NM_876886.4,c.4072-1234_5155-246del,p.Ala2[10];[11],1,c.79_80delinsTT,,1,,External HD,,
RFZO 071,Kabuki syndrome-2,# 300867,,Q87.8,20.11.2014,Italy,2,4y,4,0,0.33,2,First,1,,2,4,1,"Recurrent otitis media HP:0000403,Strabismus HP:0000486,Depressed nasal tip HP:0000437,Long eyelashes HP:0000527","HP:0000403, HP:0000486, HP:0000437, HP:0000527",4y,4,0,0.33,2,33,no,2,Wechsler Adult Intelligence Scale (WAIS),Below average,2,2,99,1,1, Ospedale  Lago  Clinica,2,,1,,,3,,,,99,,,WES,WES,"DNBSEQ G-400, MGI",,GRCh 37 (hg19),KDM6A,15,1,2,het,NM_319400.4,c.850_901delinsTTCCTCGATGCCTG,p.[Ser44Arg;Trp46Arg],4,,,No,No,,,,,,,,,,,,,IMGGE Server,External HD,,
RFZO 072,"Intellectual developmental disorder, X-linked",# 309530,,Q93.2,12.01.2023,Germany,2,8m,0,8,0.67,1,no,1,,1,,1,"Atonic seizure HP:0010819,Aggressive behavior HP:0000718,Brachycephaly HP:0000248,Secondary microcephaly HP:0005484","HP:0010819, HP:0000718, HP:0000248, HP:0005484",8m,0,8,0.67,99,no,no,1,,no,1,1,2,2,1,Deutsche  Tal  Klinik,99,no,2,positive,Pathogenic,1,16q11.3,890 kb,"The identified 22p4.3 2 is frequently associated with developmental and neurobehavioral disorders, including intellectual disability.",1,,,WGS,WGS,"MiSeq, Illumina",,GRCh 38,IQSEC2,13,2,2,heterozygosis,NM_373847.4,c.79_80delinsTT,p.Trp24Ter,3,c.5697del,p.Ala2[10];[11],4,No,,,,,,,,,,,,,,External HD,,
RFZO 073,"ALLAN-HERNDON-DUDLEY SYNDROME, AHDS",# 300523,,E70.8,12.04.2009,Austria,1,"7y, 5m",7,5,1.0,1,no,1,,2,1,1,"Rotary nystagmus HP:0001583,Prominent antihelix HP:0000395,Narrow forehead HP:0000341,Pes planus HP:0001763,Abnormal conjugate eye movement HP:0000549","HP:0001583, HP:0000395, HP:0000341, HP:0001763, HP:0000549","7y, 5m",7,5,1.0,2,48,no,99,,no,2,2,2,1,2, Universitats  Stadt  Gesundheitszentrum,1,no,1,,,1,,,,2,MLPA,positive,CES,CES,"DNBSEQ G-400, MGI",,GRCh 37 (hg19),SLC16A2,20,1,1,heterozygosis,NM_976910.4,c.4661delinsTC,p.Cys28delinsTrpVal,No,,,1,Yes,GATA4,10,1.0,1,homozygosis,NM_215660.4,c.79_80delinsTT,,4,,,,IMGGE Server,External HD,,
RFZO 074,"Intellectual developmental disorder, autosomal dominant 61, MRD61, Cleft palate, cardiac defects, and impaired intellectual development"," # 618009, #600987",,"F70, Q35, Q20",11.10.2023,Ukraine,1,0m,0,0,0.0,1,no,1,,1,,1,,,0m,0,0,0.0,2,44,no,2,Stanford-Binet Intelligence Scales ,Below average,2,2,2,1,2, Central  River  Health Institute,1,no,1,,,1,,,,1,,,WGS,WGS,"NextSeq550, Illumina",,GRCh 37 (hg19),"MED13,MEIS2",19,2,3,het,NM_681103.4,c.89_118AGC[13],p.Gln18[23],2,c.849_850ins858_895,,4,No,,,,,,,,,,,,,IMGGE Server,External HD,,
RFZO 075,"Seizures, benign familial infantile; Convulsions, familial infantile, with paroxysmal choreoathetosis; Episodic kinesigenic dyskinesia",,* 614386,"G40.4, G40.8, G24.1",11.05.2011,Turkey,99,"6y, 4m",6,4,0.83,1,no,2,Mother,2,1,1,,,"6y, 4m",6,4,0.83,2,28,no,2,Bayley Scales of Infant and Toddler Development (Bayley-III),Below average,2,99,1,99,2, St.  Lake  Clinic,1,no,2,negative,Likely pathogenic,1,2p4.3,989 kb,"The identified 16q11.3 3 is frequently associated with developmental and neurobehavioral disorders, including intellectual disability.",2,other,inconclusive,CES,CES,,"GridION, Oxford Nanopore Technologies",GRCh 38,PRRT2,2,1,2,het,NM_813485.4,c.235_237delinsTAT,p.Lys79Tyr,No,,,2,No,,,,,,,,,,,,,,,,
RFZO 076,Hyperphosphatasia with impaired intellectual development syndrome 1,# 239300,* 610274,E83.39,12.01.2018,Russia,2,"3y, 8m",3,8,0.92,2,First,99,,1,,2,"Mandibular prognathia HP:0000303,Small nail HP:0001792,Delayed myelination HP:0012448,Wide nasal bridge HP:0000431,Upslanted palpebral fissure HP:0000582","HP:0000303, HP:0001792, HP:0012448, HP:0000431, HP:0000582","3y, 8m",3,8,0.92,2,60,no,2,Bayley Scales of Infant and Toddler Development (Bayley-III),Average,2,2,2,1,1, Central  River  Clinic,2,,1,,,3,,,,1,,,CES,CES,"NextSeq 2000, Illumina",,GRCh 38,PIGV,22,1,3,het,NM_133973.4,c.4072-1234_5155-246del,p.Lys23_Val25del,4,,,4,No,,,,,,,,,,,,,IMGGE Server,,,
RFZO 077,Kabuki syndrome-2,# 300867,,Q87.8,29.08.2014,United Kingdom,2,"5y, 1m",5,1,0.5,1,no,99,,99,,1,"Recurrent otitis media HP:0000403,Strabismus HP:0000486,Depressed nasal tip HP:0000437,Long eyelashes HP:0000527","HP:0000403, HP:0000486, HP:0000437, HP:0000527","5y, 1m",5,1,0.5,2,33,no,2,Adaptive Behavior Assessment System (ABAS) ,Below average,2,2,1,99,2, National Hill Hospital,1,no,2,negative,VUS,1,12p6.2,201 kb,"The identified 22p4.3 2 is frequently associated with developmental and neurobehavioral disorders, including intellectual disability.",1,,,WGS,WGS,"NextSeq550, Illumina",,GRCh 38,KDM6A,12,2,3,homozygosis,NM_842906.4,c.3922dup,p.Val7dup,3,c.1704+1dup,p.Lys23_Val25del,No,No,,,,,,,,,,,,,IMGGE Server,External HD,,
RFZO 078,"Subcortical laminar heterotopia, Lissencephaly",# 607432,,Q04.0,21.08.2014,Serbia,2,"5y, 1m",5,1,0.5,1,no,2,Grandmother,2,1,1,"Axial hypotonia HP:0008936,Congenital onset HP:0003577,Hypoplasia of the brainstem HP:0002365,Secondary microcephaly HP:0005484","HP:0008936, HP:0003577, HP:0002365, HP:0005484","5y, 1m",5,1,0.5,2,58,no,99,,no,2,2,2,1,1, Nacionalna  Suma Bolnica,1,no,99,,,3,,,,2,other,negative,WES,WES,"NextSeq550, Illumina",,GRCh 38,PAFAH1B1,13,1,1,homozygosis,NM_182844.4,c.79_80delinsTT,p.Trp24Ter,No,,,2,No,,,,,,,,,,,,,IMGGE Server,External HD,,
RFZO 079,Combined oxidative phosphorylation deficiency 12,# 614924,,E88.40,03.07.2018,Malta,1,"3y, 2m",3,2,0.42,1,no,1,,1,,99,"Dysplastic corpus callosum HP:0006989,Elevated circulating alanine aminotransferase concentration HP:0031964,Ragged-red muscle fibers HP:0003200,Ptosis HP:0000508","HP:0006989, HP:0031964, HP:0003200, HP:0000508","3y, 2m",3,2,0.42,2,32,no,2,Wechsler Intelligence Scale for Children (WISC),Below average,2,2,1,2,2, National  River  Health Institute,1,no,1,,,2,,,,2,DNA methylation test,negative,WGS,WGS,,"Ion S5, Thermo Fisher Scientific",GRCh 37 (hg19),EARS2,21,1,1,het,NM_814892.4,c.260_264+48dup,p.Lys23_Val25dup,1,,,3,Yes,ANK2,8,2.0,2,heterozygosis,NM_810277.4,c.89_118AGC[13],p.(Val559_Glu561del),No,c.1813del,p.[Ser44Arg;Trp46Arg],2,IMGGE Server,External HD,,
RFZO 080,"Neurodevelopmental disorder with or without hyperkinetic movements and seizures, autosomal dominant",# 614254,,F82,26.10.2014,Spain,99,4y,4,0,0.33,1,no,99,,1,,99,"Severe muscular hypotonia HP:0006829,Long face HP:0000276,Obstructive sleep apnea HP:0002870,Myoclonic seizure HP:0032794","HP:0006829, HP:0000276, HP:0002870, HP:0032794",4y,4,0,0.33,2,58,no,2,Reynolds Intellectual Assessment Scales (RIAS),Below average,2,2,2,2,2, Central  RÃ­o  Centro MÃ©dico,2,,2,negative,VUS,1,16q11.3,596 kb,"The identified 2p4.3 1 is frequently associated with developmental and neurobehavioral disorders, including intellectual disability.",1,,,WES,WES,"MiSeq, Illumina",,GRCh 38,GRIN1,2,2,4,heterozygosis,NM_720557.4,c.4661delinsTC,p.Cys28delinsTrpVal,2,c.145_147delinsTGG,p.His4_Gln5insAla,3,No,,,,,,,,,,,,,IMGGE Server,External HD,,
RFZO 081,Alpha-methylacetoacetic aciduria,# 203750,,E71.19,12.11.2012,Austria,1,5y,5,0,0.42,1,no,1,,1,,1,"Intellectual disability HP:0001249,Vomiting HP:0002013,Episodic ketoacidosis HP:0005974,Dehydration HP:0001944","HP:0001249, HP:0002013, HP:0005974, HP:0001944",5y,5,0,0.42,2,39,no,99,,no,1,1,2,2,2, Klinisches  See Krankenhaus,1,no,1,,,2,,,,1,,,CES,CES,"MiSeq, Illumina",,GRCh 37 (hg19),ACAT1,8,2,3,heterozygosis,NM_241248.4,c.3921del,p.Trp4del,No,c.6955_6993CAG[26],p.Cys28_Lys29delinsTrp,1,No,,,,,,,,,,,,,,,,
RFZO 082,"Microcephaly with or without chorioretinopathy, lymphedema, or mental retardation, MCLID",# 152950,,Q02,28.06.2016,Croatia,1,"4y, 3m",4,3,0.58,1,no,1,,2,2,2,"Protruding ear HP:0000411,Cataract HP:0000518,Prominent forehead HP:0011220,Retinal detachment HP:0000541,Myopia HP:0000545","HP:0000411, HP:0000518, HP:0011220, HP:0000541, HP:0000545","4y, 3m",4,3,0.58,2,67,no,2,Leiter-3,Below average,2,2,1,2,1, Sveuvilisna  Jezero  Health Institute,2,,2,negative,Benign,2,17q11.5,364 kb,"The identified 22p4.3 3 is frequently associated with developmental and neurobehavioral disorders, including intellectual disability.",1,,,CES,CES,"DNBSEQ G-400, MGI",,GRCh 37 (hg19),KIF11,14,2,3,heterozygosis,NM_769962.4,c.849_850ins858_895,,No,c.4145_4160inv,p.Trp24Cys,2,No,,,,,,,,,,,,,,External HD,,
RFZO 083,"Intellectual developmental disorder, X-linked 41",# 300849,,Q93.2,10.05.2018,Moldova,1,"3y, 4m",3,4,0.58,1,no,2,Sister,1,,1,"Intellectual disability, mild HP:0001256,Intellectual disability HP:0001249,Global developmental delay HP:0001263,Specific learning disability HP:0001328,Generalized non-motor (absence) seizure HP:0002121","HP:0001256, HP:0001249, HP:0001263, HP:0001328, HP:0002121","3y, 4m",3,4,0.58,2,56,no,2,Vineland Adaptive Behavior Scales,Below average,2,2,1,1,2, Central  Lake Hospital,2,,2,negative,Pathogenic,3,3q9.4,407 kb,"The identified 17q11.5 3 is frequently associated with developmental and neurobehavioral disorders, including intellectual disability.",2,other,positive,CES,CES,"NextSeq550, Illumina",,GRCh 37 (hg19),GDI1,22,2,1,heterozygosis,NM_688365.4,c.6775_6777delinsC,p.Cys28_Lys29delinsTrp,4,c.6955_6993CAG[26],p.Lys2_Gly3insGlnSerLys,No,No,,,,,,,,,,,,,IMGGE Server,,,
RFZO 084,Noonan syndrome type 3,# 609942,,Q87.1,07.05.2017,Slovenia,1,"3y, 4m",3,4,0.58,1,no,2,Mother,99,,1,"Strabismus HP:0000486,Downslanted palpebral fissures HP:0000494,Short neck HP:0000470,Ptosis HP:0000508","HP:0000486, HP:0000494, HP:0000470, HP:0000508","3y, 4m",3,4,0.58,2,66,no,2,Wechsler Intelligence Scale for Children (WISC),Below average,2,2,1,2,1, Regionalna  Reka  Zdravstveni Institut,1,no,2,positive,Pathogenic,3,22p4.3,276 kb,"The identified 12p6.2 3 is frequently associated with developmental and neurobehavioral disorders, including intellectual disability.",2,FraX,inconclusive,WGS,WGS,"NextSeq 2000, Illumina",,GRCh 38,KRAS,16,2,4,het,NM_072982.4,c.5657_5660inv,,No,c.20_23dup,Asp90del,No,Yes,NKX2,2,2.0,3,hom,NM_997668.4,c.3921del,p.(His321_Glu383del),4,c.4145_4160inv,p.Lys23_Val25del,2,IMGGE Server,External HD,,
RFZO 085,Neurodevelopmental disorder with nonspecific brain abnormalities and with or without seizures,"# 618709, # 300908",,F88,15.11.2019,Iceland,1,2y,2,0,0.17,99,no,1,,1,,1,"Attention deficit hyperactivity disorder HP:0007018,Motor stereotypy HP:0000733,Macrocephaly HP:0000256,Microcephaly HP:0000252","HP:0007018, HP:0000733, HP:0000256, HP:0000252",2y,2,0,0.17,2,19,no,1,,no,2,2,2,99,2, Miostoo  Skogur  Leknamiostoo,1,no,1,,,1,,,,2,FraX,negative,CES,CES,"NextSeq550, Illumina",,GRCh 37 (hg19),DLL1,13,1,2,het,NM_215295.4,c.4145_4160inv,,2,,,1,No,,,,,,,,,,,,,IMGGE Server,External HD,,
RFZO 086,"Noonan syndrome 4, MIRAGE syndrome","# 610733, # 617053",,"Q87.1, Q87.8",22.04.2024,Spain,2,5m,0,5,0.42,1,no,1,,99,,1,"Wide intermamillary distance HP:0006610,Thick vermilion border HP:0012471,Short neck HP:0000470,Ptosis HP:0000508,Thrombocytopenia HP:0001873","HP:0006610, HP:0012471, HP:0000470, HP:0000508, HP:0001873",5m,0,5,0.42,2,35,no,1,,no,2,2,99,2,2, Universitario  Ciudad  Centro MÃ©dico,2,,2,positive,VUS,3,17q11.5,701 kb,"The identified 16q11.3 2 is frequently associated with developmental and neurobehavioral disorders, including intellectual disability.",2,FraX,positive,WES,WES,"NextSeq550, Illumina",,GRCh 37 (hg19),"SOS1,SAMD9",6,2,4,heterozygosis,NM_442011.4,c.850_901delinsTTCCTCGATGCCTG,p.[Ser44Arg;Trp46Arg],No,c.20_23dup,,2,No,,,,,,,,,,,,,IMGGE Server,External HD,,
RFZO 087,Combined oxidative phosphorylation deficiency 12,# 614924,,E88.40,09.02.2020,Montenegro,1,"2y, 7m",2,7,0.75,1,no,2,Sister,1,,2,"Dysplastic corpus callosum HP:0006989,Elevated circulating alanine aminotransferase concentration HP:0031964,Ragged-red muscle fibers HP:0003200,Ptosis HP:0000508","HP:0006989, HP:0031964, HP:0003200, HP:0000508","2y, 7m",2,7,0.75,2,41,no,1,,no,2,1,2,1,1, Univerzitetska Planina  Institut za Zdravlje,1,no,1,,,1,,,,2,MLPA,positive,WGS,WGS,"DNBSEQ G-400, MGI",,GRCh 37 (hg19),EARS2,6,1,1,het,NM_968721.4,c.3922dup,p.Val7dup,1,,,No,Yes,MYBPC3,22,2.0,3,hom,NM_853544.4,c.171_239GCA[34],p.(Val559_Glu561del),4,c.20_23dup,p.[Ser44Arg;Trp46Arg],3,IMGGE Server,External HD,,
RFZO 088,"Subcortical laminar heterotopia, Lissencephaly",# 607432,,Q04.0,22.03.2014,Romania,2,"5y, 6m",5,6,0.92,1,no,1,,99,,99,"Axial hypotonia HP:0008936,Congenital onset HP:0003577,Hypoplasia of the brainstem HP:0002365,Secondary microcephaly HP:0005484","HP:0008936, HP:0003577, HP:0002365, HP:0005484","5y, 6m",5,6,0.92,2,11,no,2,Wechsler Adult Intelligence Scale (WAIS),Average,2,2,2,2,1, St.  Lake Hospital,2,,1,,,3,,,,2,DNA methylation test,positive,WES,WES,"MiSeq, Illumina",,GRCh 37 (hg19),PAFAH1B1,17,1,4,hemizygous,NM_118378.4,c.89_118AGC[13],p.Gln18[23],1,,,4,No,,,,,,,,,,,,,IMGGE Server,,,
RFZO 089,Intellectual developmental disorder 5,# 612621,,F70,26.11.2006,Slovenia,2,8y,8,0,0.67,1,no,1,,2,2,1,"EEG abnormality HP:0002353,Autistic behavior HP:0000729,Myoclonic absence seizure HP:0011150,Brain atrophy HP:0012444","HP:0002353, HP:0000729, HP:0011150, HP:0012444",8y,8,0,0.67,2,21,no,2,Wechsler Adult Intelligence Scale (WAIS),Average,2,2,1,1,2, Regionalna  Reka  Zdravstveni Institut,1,no,1,,,2,,,,1,,,WES,WES,"MiSeq, Illumina",,GRCh 37 (hg19),SYNGAP1,9,1,3,heterozygosis,NM_171569.4,c.419_420ins[T;401_419],p.Arg78_Gly79ins,4,,,2,No,,,,,,,,,,,,,IMGGE Server,,,
RFZO 090,Borjeson-Forssman-Lehmann syndrome,# 301900,,Q87.89,13.08.2021,Luxembourg,1,"1y, 1m",1,1,0.17,1,no,1,,1,,1,"Obesity HP:0001513,Macrotia HP:0000400,Ptosis HP:0000508,Short toe HP:0001831","HP:0001513, HP:0000400, HP:0000508, HP:0001831","1y, 1m",1,1,0.17,2,69,no,2,Vineland Adaptive Behavior Scales,Average,2,2,99,2,1, Saint  Bois  Institut de Sante,1,no,99,,,3,,,,2,MLPA,positive,WES,WES,"DNBSEQ G-400, MGI",,GRCh 38,PHF6,9,1,1,hemizygous,NM_963451.4,c.240_241insAGG,p.Lys2_Gly3insGlnSerLys,1,,,2,No,,,,,,,,,,,,,IMGGE Server,,,
RFZO 091,Pyridoxine-Dependent EpilepsyÃ¯Â¿Â½ALDH7A1,# 266100,,E70.0,28.12.2021,Hungary,1,1y,1,0,0.08,1,no,99,,2,3,1,"Generalized myoclonic seizure HP:0002123,Elevated circulating pipecolic acid concentration HP:6000268,Delayed speech and language development HP:0000750,Hydrocephalus HP:0000238,Strabismus HP:0000486","HP:0002123, HP:6000268, HP:0000750, HP:0000238, HP:0000486",1y,1,0,0.08,2,67,no,2,Adaptive Behavior Assessment System (ABAS) ,Below average,2,2,2,1,1, Nemzeti  To  Orvosi Kozpont,1,no,2,negative,Benign,1,3q9.4,555 kb,"The identified 17q11.5 3 is frequently associated with developmental and neurobehavioral disorders, including intellectual disability.",2,MLPA,positive,WGS,WGS,,"Sequel II, Pacific Biosciences",GRCh 37 (hg19),ALDH7A1,12,2,3,het,NM_678352.4,c.4661delinsTC,p.Cys28delinsTrpVal,No,c.3922dup,,No,No,,,,,,,,,,,,,IMGGE Server,,,
RFZO 092,Borjeson-Forssman-Lehmann syndrome,# 301900,,Q87.89,12.06.2012,Portugal,1,"6y, 3m",6,3,0.75,1,no,1,,1,,1,"Obesity HP:0001513,Macrotia HP:0000400,Ptosis HP:0000508,Short toe HP:0001831","HP:0001513, HP:0000400, HP:0000508, HP:0001831","6y, 3m",6,3,0.75,2,46,no,1,,no,2,1,2,2,2, Regional  Bosque  Instituto de Saude,2,,2,negative,Likely benign,2,17q11.5,224 kb,"The identified 22p4.3 2 is frequently associated with developmental and neurobehavioral disorders, including intellectual disability.",2,other,positive,WGS,WGS,"MiSeq, Illumina",,GRCh 37 (hg19),PHF6,5,2,2,heterozygosis,NM_259951.4,c.419_420ins[T;401_419],p.Arg78_Gly79ins,4,c.4661delinsTC,p.Cys28delinsTrpVal,4,No,,,,,,,,,,,,,,External HD,,
RFZO 093,Intellectual developmental disorder 5,# 612621,,F70,29.12.2020,Latvia,1,1y,1,0,0.08,1,no,1,,1,,1,"EEG abnormality HP:0002353,Autistic behavior HP:0000729,Myoclonic absence seizure HP:0011150,Brain atrophy HP:0012444","HP:0002353, HP:0000729, HP:0011150, HP:0012444",1y,1,0,0.08,2,45,no,2,Wechsler Intelligence Scale for Children (WISC),Average,2,99,2,2,99, St. Hill  Clinic,2,,1,,,2,,,,2,DNA methylation test,negative,CES,CES,,"Ion S5, Thermo Fisher Scientific",GRCh 37 (hg19),SYNGAP1,14,1,5,homozygosis,NM_815052.4,c.5697dup,p.Trp4dup,1,,,No,No,,,,,,,,,,,,,IMGGE Server,External HD,,
RFZO 094,Association of TRPC3 with epilepsy,,* 602345,"G40.9, G40.8",10.10.2016,San Marino,99,3y,3,0,0.25,1,no,1,,2,1,1,,,3y,3,0,0.25,2,44,no,1,,no,2,1,2,2,99, Santo  Fiume Ospedale,2,,1,,,1,,,,2,DNA methylation test,negative,WES,WES,"NextSeq550, Illumina",,GRCh 38,TRPC3,20,1,1,het,NM_802705.4,c.(4071+1_4072-1)_(5154+1_5155-1)del,,1,,,2,No,,,,,,,,,,,,,,External HD,,
RFZO 095,Developmental and epileptic encephalopathy 5,# 613477,,G40.9,10.08.2017,Turkey,1,"3y, 1m",3,1,0.33,1,no,1,,1,,2,"Cerebral cortical atrophy HP:0002120,Intellectual disability, profound HP:0002187,Epileptic encephalopathy HP:0200134,Progressive microcephaly HP:0000253","HP:0002120, HP:0002187, HP:0200134, HP:0000253","3y, 1m",3,1,0.33,2,61,no,2,Bayley Scales of Infant and Toddler Development (Bayley-III),Average,2,2,2,2,2, National  River  Medical Center,1,no,2,positive,Likely pathogenic,1,3q9.4,237 kb,"The identified 2p4.3 3 is frequently associated with developmental and neurobehavioral disorders, including intellectual disability.",2,FraX,negative,WGS,WGS,"DNBSEQ G-400, MGI",,GRCh 38,SPTAN1,16,1,3,het,NM_277473.4,c.5657_5660inv,,2,,,No,Yes,BFN2,18,1.0,2,heterozygosis,NM_580028.4,c.89_118AGC[13],Asp90del,4,,,,IMGGE Server,External HD,,
RFZO 096,"Seizures, benign familial infantile; Convulsions, familial infantile, with paroxysmal choreoathetosis; Episodic kinesigenic dyskinesia",,* 614386,"G40.4, G40.8, G24.1",20.06.2008,Luxembourg,1,"8y, 3m",8,3,0.92,1,no,1,,1,,1,,,"8y, 3m",8,3,0.92,2,64,no,2,Vineland Adaptive Behavior Scales,Below average,2,99,1,99,1,General  Ville  Institut de Sante,1,no,1,,,1,,,,1,,,CES,CES,"NextSeq 2000, Illumina",,GRCh 37 (hg19),PRRT2,16,1,5,homozygosis,NM_148022.4,c.(222_226)insG,,4,,,No,No,,,,,,,,,,,,,,External HD,,
RFZO 097,"Developmental and epileptic encephalopathy 104, Neurodevelopmental disorder with impaired language and ataxia and with or without seizures, Epilepsy, nocturnal frontal lobe, 1","# 619970, # 619580, #600513",,"G40.8, F84.9, G40.3",16.05.2008,Netherlands,1,"8y, 4m",8,4,1.0,2,First,1,,2,2,2,"Delayed ability to walk HP:0031936,Delayed speech and language development HP:0000750,Autistic behavior HP:0000729,Tonic seizure HP:0032792,Visual impairment HP:0000505","HP:0031936, HP:0000750, HP:0000729, HP:0032792, HP:0000505","8y, 4m",8,4,1.0,2,46,no,2,Reynolds Intellectual Assessment Scales (RIAS),Average,2,2,2,99,2, Ziekenhuis  Stad  Medisch Centrum,1,no,2,negative,Likely benign,1,2p4.3,856 kb,"The identified 2p4.3 1 is frequently associated with developmental and neurobehavioral disorders, including intellectual disability.",1,,,WGS,WGS,"NextSeq550, Illumina",,GRCh 38,"ATP6V0A1,CHRNA4,GRIK2",6,2,3,homozygosis,NM_962676.4,c.260_264+48dup,p.Lys23_Val25dup,3,c.5697dup,p.(Val559_Glu561del),1,Yes,NKX2,3,1.0,2,het,NM_053993.4,c.419_420ins[T;401_419],,1,,,,IMGGE Server,,,
RFZO 098,Pyridoxine-Dependent EpilepsyÃ¯Â¿Â½ALDH7A1,# 266100,,E70.0,24.12.2006,Poland,1,8y,8,0,0.67,1,no,1,,2,1,1,"Generalized myoclonic seizure HP:0002123,Elevated circulating pipecolic acid concentration HP:6000268,Delayed speech and language development HP:0000750,Hydrocephalus HP:0000238,Strabismus HP:0000486","HP:0002123, HP:6000268, HP:0000750, HP:0000238, HP:0000486",8y,8,0,0.67,2,47,no,1,,no,2,2,2,2,99, Central Hill  Health Institute,1,no,2,positive,Likely benign,3,17q11.5,868 kb,"The identified 3q9.4 2 is frequently associated with developmental and neurobehavioral disorders, including intellectual disability.",1,,,WES,WES,"MiSeq, Illumina",,GRCh 38,ALDH7A1,22,2,2,heterozygosis,NM_513512.4,c.20_23dup,,4,c.1813dup,p.Arg78_Gly79ins,4,No,,,,,,,,,,,,,IMGGE Server,,,
RFZO 099,Myoclonic-atonic epilepsy,# 616421,,G40.8,10.12.2012,San Marino,1,5y,5,0,0.42,99,no,2,Mother,1,,1,"Attention deficit hyperactivity disorder HP:0007018,Atonic seizure HP:0010819,Autistic behavior HP:0000729,Myoclonic seizure HP:0032794","HP:0007018, HP:0010819, HP:0000729, HP:0032794",5y,5,0,0.42,2,45,no,2,Adaptive Behavior Assessment System (ABAS) ,Below average,2,99,2,1,2, Regionale Monte  Istituto di Salute,2,,2,positive,Pathogenic,2,16q11.3,485 kb,"The identified 17q11.5 2 is frequently associated with developmental and neurobehavioral disorders, including intellectual disability.",1,,,WGS,WGS,"NextSeq550, Illumina",,GRCh 38,SLC6A1,9,2,1,hemizygous,NM_642363.4,c.1704+1dup,p.(Pro458_Gly460dup),3,c.3922dup,,2,No,,,,,,,,,,,,,IMGGE Server,External HD,,
RFZO 100,"Intellectual developmental disorder, X-linked syndromic 35; King-Denborough and Congenital myopathy 1A, autosomal dominant, with susceptibility to malignant hyperthermia",# 300998,* 180901,"F70, G72.1",25.06.2008,France,2,"8y, 3m",8,3,0.92,1,no,1,,2,4,1,"Mandibular prognathia HP:0000303,Protruding ear HP:0000411,Rod-cone dystrophy HP:0000510,Hypermetropia HP:0000540","HP:0000303, HP:0000411, HP:0000510, HP:0000540","8y, 3m",8,3,0.92,1,no,no,1,,no,2,2,1,2,2, Regional Mont  Centre Medical,1,no,1,,,2,,,,1,,,WGS,WGS,,"Ion S5, Thermo Fisher Scientific",GRCh 38,"RPL10,RYR1",5,1,2,hemizygous,NM_024727.4,c.4145_4160inv,,2,,,1,No,,,,,,,,,,,,,IMGGE Server,External HD,,
