ontology;ontology_code;ontology_comment;secondary_ontology;secondary_ontology_code;secondary_ontology_comment;snomed_vartype;ES TERRASSA;DE UKK;IT BUZZI UC3;dataset;name;description;phenotypic;vartype;ETL_type;details;JSON_values;Synthetic Vartype;Probabilities;GeneratorParameters;IsMappingField;Synthetic Data Comments
snomed ct;422549004 |Patient-related Identification code|;;;;;;1;1;1;Clinical_Table.xlsx;ID_STUDY;STUDYID;no;Numeric;STR;Primary patient identifier;;ID;;"{""prefix"": ""UC3_""}";1;Random numbers with UC3_ prefix
snomed ct;422549004 |Patient-related Identification code|  : 258734002 |counts| = 81170007 |Second|;;;;;;1;1;1;Clinical_Table.xlsx;REDCAP_ID;REDCAP_ID;no;String;String;Patient identifier for merging with internal data sources;;ID;;"{""prefix"": ""REDCAP_""}";0;Random numbers with REDCAP_ prefix
snomed ct;734000001 |Biological sex|;;;;;;1;1;1;Clinical_Table.xlsx;GENDER;Biological Gender;yes;Bimodal;category;{M} Male\\{F} Female;"[{""value"": ""M"", ""explanation"": ""Male"", ""snomed_ct"": ""248153007""}, {""value"": ""F"", ""explanation"": ""Female"", ""snomed_ct"": ""248152002""}, {""value"": ""Other"", ""explanation"": ""Indeterminate sex"", ""snomed_ct"": ""32570681000036106""}]";Categorical;"{""M"":0.4, ""F"": 0.5,""Other"":0.1}";;0;Choice with probability
snomed ct;184099003 |Date of birth|;;;;;;1;1;1;Clinical_Table.xlsx;BIRTHDATE;DATEofBIRTH;yes;Date;Date;;;Date;;"{""start_date"":""01/01/1980"", ""end_date"":""31/12/2020"", ""format"":""%d/%m/%Y""}";0;At least 4 years old patients
snomed ct;422549004 |Patient-related Identification code| : 258734002 |counts| = 70905002 |Third|;;;;;;1;1;1;Clinical_Table.xlsx;ID_PATIENT;STUDYID;no;Numeric;Numeric;;;ID;;"{""prefix"": ""UC3_""}";0;Duplicated field?
snomed ct;224095004 |Number of siblings|;;;;;;1;1;1;Clinical_Table.xlsx;SIB_NUM;number of siblings;yes;numeric;;;;INT;;"{""min"":0, ""max"":4}";0;Random number between 0 and 4
snomed ct;224098002 |Place in family order|;;;;;;1;1;1;Clinical_Table.xlsx;SIB_R;rank in order of birth;yes;numeric;;;;INT;;"{""min"":0, ""max"":""SIB_NUM""}";0;Random number less or equal to number of siblings
snomed ct;780823005 |Number of dependant children|;;;;;;1;1;1;Clinical_Table.xlsx;CHIL;number of children;yes;numeric;;;;CHILDREN;;"{""dob"":""BIRTHDATE"", ""dob_format"":""%d/%m/%Y"",""min"":0, ""max"":4}";0;If patient > 18 years, random number between 0 and 4
snomed ct;406543005 |Date of visit|;;;;;;1;1;1;Clinical_Table.xlsx;VISIT_DATE;Date of visit;yes;Date;Date;;;Date;;"{""start_date"":""BIRTHDATE"",""end_date"":""01/01/2024"", ""format"":""%d/%m/%Y""}";0;Random date between birth date and today
snomed ct;397669002 |Age| : 408731000 |temporal context| = 406543005 |Date of visit|;;;;;;1;1;1;Clinical_Table.xlsx;AGE;AGE;yes;numeric;float;;;AGE;;"{""start_date"":""BIRTHDATE"", ""end_date"":""01/01/2024"",""format"":""%d/%m/%Y""}";0;Today - Birth Date
snomed ct;726527001 |Weight|;;;;;;1;1;1;Clinical_Table.xlsx;WEIGHT;Weight at the time of visit;yes;Numeric;float;g;;WEIGHT;;"{""date"":""VISIT_DATE"", ""format"":""%d/%m/%Y""}";0;Normal weigth according to age at visit date
snomed ct;271603002 |Height / growth measure|;;;;;;1;1;1;Clinical_Table.xlsx;HEIGHT;Height at the time of visit;yes;Numeric;float;cm;;HEIGHT;;"{""date"":""VISIT_DATE"", ""format"":""%d/%m/%Y""}";0;Normal heigth according to age at visit date
snomed ct;271649006 |Systolic blood pressure|;;;;;;1;1;1;Clinical_Table.xlsx;BP_SYST;Systolic blood pressure;no;INT;INT;;;INT;;"{""min"":100, ""max"":120}";0;Normal SBP
snomed ct;271650006 |Diastolic blood pressure|;;;;;;1;1;1;Clinical_Table.xlsx;BP_DIAST;Diastolic blood pressure;no;INT;INT;;;INT;;"{""min"":60, ""max"":90}";0;Normal SBP
snomed ct;307294006 |Personal history finding| : 246454002 |Occurrence|= 64572001 |Disease|;;;;;;1;1;1;Clinical_Table.xlsx;HMP;History of medical pathologies;yes;bimodal;bimodal;{yes} / {no};"[{""value"": ""no"", ""explanation"": ""No"", ""snomed_ct"": ""373067005""}, {""value"": ""yes"", ""explanation"": ""Yes"", ""snomed_ct"": ""373066001""}]";Categorical;;;0;Choice without probability
snomed ct;307294006 |Personal history finding| : 246454002 |Occurrence| = 74732009 |Mental disorder|;;;;;;1;1;1;Clinical_Table.xlsx;HPP;Histroy of psychiatric pathologies;yes;bimodal;bimodal;{yes} / {no};"[{""value"": ""no"", ""explanation"": ""No"", ""snomed_ct"": ""373067005""}, {""value"": ""yes"", ""explanation"": ""Yes"", ""snomed_ct"": ""373066001""}]";Categorical;;;0;Choice without probability
snomed ct;106167005 |Consciousness related finding|;;;;;;1;1;1;Clinical_Table.xlsx;AMDP_C;Consciousness;no;categorical;;0=consciously clear, 1=Lowered Vigilance, 2=Clouded Consciousness, 3=Narrowed Consciousness;"[{""value"": ""0"", ""explanation"": ""consciously clear"", ""snomed_ct"": ""271591004 |Fully conscious|""}, {""value"": ""1"", ""explanation"": ""Lowered Vigilance"", ""snomed_ct"": ""3006004 |Disturbance of consciousness| : 734841007 |Name| = \""Lowered Vigilance\""""}, {""value"": ""2"", ""explanation"": ""Clouded Consciousness"", ""snomed_ct"": ""40917007 |Clouded consciousness|""}, {""value"": ""3"", ""explanation"": ""Narrowed Consciousness"", ""snomed_ct"": ""3006004 |Disturbance of consciousness| : 734841007 |Name| = \""Narrowed Consciousness\""""}]";Categorical;;;0;Choice without probability
snomed ct;43173001 |Orientation, function|;;;;;;1;1;1;Clinical_Table.xlsx;AMDP_O;Orientation;no;categorical;;0=orientated. 1=Disorientation for Time, 2=Disorientation for Place, 3=Disorientation for Situation, 4=Disorientation for Person;"[{""value"": ""0"", ""explanation"": ""orientated"", ""snomed_ct"": ""247663003 |Orientated|""}, {""value"": ""1"", ""explanation"": ""Disorientation for Time"", ""snomed_ct"": ""19657006 |Disorientated in time|""}, {""value"": ""2"", ""explanation"": ""Disorientation for Place"", ""snomed_ct"": ""72440003 |Disorientated in place|""}, {""value"": ""3"", ""explanation"": ""Disorientation for Situation"", ""snomed_ct"": ""39538002 |Disorientation to person, time and place|""}, {""value"": ""4"", ""explanation"": ""Disorientation for Person"", ""snomed_ct"": ""62766000 |Disorientation for person|""}]";Categorical;;;0;Choice without probability
snomed ct;6769007 |Attention function| + 106136008 |Memory finding|;;;;;;1;1;1;Clinical_Table.xlsx;AMDP_A;Attention and Memory;no;categorical;;0=proper attention and memory. 1=Disturbed Apperception, 2=Disturbed Concentration, 3=Disturbed Short-Term Memory, 4=Disturbed Long-Term Memory, 5=Paramnesias;"[{""value"": ""0"", ""explanation"": ""proper attention and memory"", ""snomed_ct"": ""247602005 |Memory function normal|""}, {""value"": ""1"", ""explanation"": ""Disturbed Apperception"", ""snomed_ct"": ""78633001 |Altered thought processes| : 47429007 |Associated with| = 45336008 |Apperception, function|""}, {""value"": ""2"", ""explanation"": ""Disturbed Concentration"", ""snomed_ct"": ""78633001 |Altered thought processes| : 47429007 |Associated with| = 1144748009 |Impaired concentration|""}, {""value"": ""3"", ""explanation"": ""Disturbed Short-Term Memory"", ""snomed_ct"": ""78633001 |Altered thought processes| : 47429007 |Associated with| = 247589005 |Short-term memory performance|""}, {""value"": ""4"", ""explanation"": ""Disturbed Long-Term Memory"", ""snomed_ct"": ""78633001 |Altered thought processes| : 47429007 |Associated with| = 247586003 |Long-term memory performance|""}, {""value"": ""5"", ""explanation"": ""Paramnesias"", ""snomed_ct"": ""32541007 |Paramnesia|""}]";Categorical;;;0;Choice without probability
snomed ct;247619007 |Thought finding|;;;;;;1;1;1;Clinical_Table.xlsx;AMDP_FT;Formal Thought;no;categorical;;0=formal thought organized. 1=Retarded Thinking, 2=Circumstantial Thinking, 3=Restricted Thinking, 4=Perseverative Thinking, 5=Rumination, 6=Flight of Ideas, 7=Tangential Thinking, 8=Thought Blocking/Disruption of Thougth, 9=Incoherence/Derailment;"[{""value"": ""0"", ""explanation"": ""formal thought organized"", ""snomed_ct"": ""225662002 |Able to think clearly|""}, {""value"": ""1"", ""explanation"": ""Retarded Thinking"", ""snomed_ct"": ""247627003 |Slow flow of thought|""}, {""value"": ""2"", ""explanation"": ""Circumstantial Thinking"", ""snomed_ct"": ""18343006 |Circumstantiality|""}, {""value"": ""3"", ""explanation"": ""Restricted Thinking"", ""snomed_ct"": ""56435009 |Poverty of thought|""}, {""value"": ""4"", ""explanation"": ""Perseverative Thinking"", ""snomed_ct"": ""44515000 |Perseveration|""}, {""value"": ""5"", ""explanation"": ""Rumination"", ""snomed_ct"": ""86110000 |Rumination - thoughts|""}, {""value"": ""6"", ""explanation"": ""Flight of Ideas"", ""snomed_ct"": ""28810003 |Flight of ideas|""}, {""value"": ""7"", ""explanation"": ""Tangential Thinking"", ""snomed_ct"": ""74396008 |Tangential thinking|""}, {""value"": ""8"", ""explanation"": ""Thought Blocking/Disruption of Thougth"", ""snomed_ct"": ""2899008 |Thought block|""}, {""value"": ""9"", ""explanation"": ""Incoherence/Derailment"", ""snomed_ct"": ""65135009 |Knight's move in thought|""}]";Categorical;;;0;Choice without probability
snomed ct;79015004 |Worried|;;;;;;1;1;1;Clinical_Table.xlsx;AMDP_WC;Worries and Compulsions;no;categorical;;0= no worries or compulsions. 1=Suspiciousness, 2=Hypochondriasis, 3=Phobias, 4=Obsessive Thoughts, 5=Compulsive Impulses, 6=Compulsive Actions;"[{""value"": ""0"", ""explanation"": "" no worries or compulsions"", ""snomed_ct"": ""285286004 |Compulsion to act on thoughts| : 373572006 |Clinical finding absent|""}, {""value"": ""1"", ""explanation"": ""Suspiciousness"", ""snomed_ct"": ""706876006 |Suspicion|""}, {""value"": ""2"", ""explanation"": ""Hypochondriasis"", ""snomed_ct"": ""18193002 |Hypochondriasis|""}, {""value"": ""3"", ""explanation"": ""Phobias"", ""snomed_ct"": ""386808001 |Phobia|""}, {""value"": ""4"", ""explanation"": ""Obsessive Thoughts"", ""snomed_ct"": ""67698009 |Obsessional thoughts|""}, {""value"": ""5"", ""explanation"": ""Compulsive Impulses"", ""snomed_ct"": ""12479006 |Compulsive behavior| : 47429007 |Associated with| = 263781002 |Impulse|""}, {""value"": ""6"", ""explanation"": ""Compulsive Actions"", ""snomed_ct"": ""12479006 |Compulsive behavior| : 47429007 |Associated with| = 129264002 |Action|""}]";Categorical;;;0;Choice without probability
snomed ct;2073000 |Delusion|;;;;;;1;1;1;Clinical_Table.xlsx;AMDP_D;Delusions;no;categorical;;0= no delusions. 1=Delusional Perception, 2=Delusional Ideas, 3=Systematized Delusions, 4=Delusions of Reference, 5=Delusions of Persecution, 6=Delusions of Jealousy, 7=Delusions of Guilt, 8=Delusions of Grandiosity, 9=Other Delusions;"[{""value"": ""0"", ""explanation"": "" no delusions"", ""snomed_ct"": ""2073000 |Delusion| : 373572006 |Clinical finding absent|""}, {""value"": ""1"", ""explanation"": ""Delusional Perception"", ""snomed_ct"": ""64514005 |Delusional perception|""}, {""value"": ""2"", ""explanation"": ""Delusional Ideas"", ""snomed_ct"": ""2073000 |Delusion|""}, {""value"": ""3"", ""explanation"": ""Systematized Delusions"", ""snomed_ct"": ""40277007 |Systematized delusion|""}, {""value"": ""4"", ""explanation"": ""Delusions of Reference"", ""snomed_ct"": ""41189006 |Ideas of reference|""}, {""value"": ""5"", ""explanation"": ""Delusions of Persecution"", ""snomed_ct"": ""216004 |Delusion of persecution|""}, {""value"": ""6"", ""explanation"": ""Delusions of Jealousy"", ""snomed_ct"": ""8330006 |Delusion of infidelity|""}, {""value"": ""7"", ""explanation"": ""Delusions of Guilt"", ""snomed_ct"": ""53108004 |Delusion of guilt|""}, {""value"": ""8"", ""explanation"": ""Delusions of Grandiosity"", ""snomed_ct"": ""247667002 |Grandiose delusions|""}, {""value"": ""9"", ""explanation"": ""Other Delusions"", ""snomed_ct"": ""2073000 |Delusion| : 410656007 |Type| = 74964007 |Other|""}]";Categorical;;;0;Choice without probability
snomed ct;81742003 |Perception function|;;;;;;1;1;1;Clinical_Table.xlsx;AMDP_P;Perception;no;categorical;;0=no disorders of perception. 1=Illusions, 2=Hearing Voices, 3=Other Auditory Hallucinations, 4=Visual Hallucinations, 5=Bodily Hallucinations, 6=Olfactory and Gustatory Hallucinations,;"[{""value"": ""0"", ""explanation"": ""no disorders of perception"", ""snomed_ct"": ""247700009 |Normal perception|""}, {""value"": ""1"", ""explanation"": ""Illusions"", ""snomed_ct"": ""5152006 |Illusion|""}, {""value"": ""2"", ""explanation"": ""Hearing Voices"", ""snomed_ct"": ""247730001 |Verbal auditory hallucinations|""}, {""value"": ""3"", ""explanation"": ""Other Auditory Hallucinations"", ""snomed_ct"": ""45150006 |Auditory hallucinations|""}, {""value"": ""4"", ""explanation"": ""Visual Hallucinations"", ""snomed_ct"": ""64269007 |Visual hallucinations|""}, {""value"": ""5"", ""explanation"": ""Bodily Hallucinations"", ""snomed_ct"": ""85550003 |Hallucinations of bodily sensation|""}, {""value"": ""6"", ""explanation"": ""Olfactory and Gustatory Hallucinations,"", ""snomed_ct"": ""39672001 |Olfactory hallucinations|""}]";Categorical;;;0;Choice without probability
snomed ct;47805006 |Psychoanalysis of ego| : 129265001 |Evaluation| = 79565000 |Disturbance in appearance|;;;;;;1;1;1;Clinical_Table.xlsx;AMDP_E;Ego (Boundary) Disturbances;no;categorical;;0=no ego disturbances. 1=Derealization, 2=Depersonalization, 3=Thought Broadcasting, 4=Thought Withdrawal, 5=Thought Insertion;"[{""value"": ""0"", ""explanation"": ""no ego disturbances"", ""snomed_ct"": ""247700009 |Normal perception|""}, {""value"": ""1"", ""explanation"": ""Derealization"", ""snomed_ct"": ""40806005 |Derealization|""}, {""value"": ""2"", ""explanation"": ""Depersonalization"", ""snomed_ct"": ""79499004 |Depersonalization|""}, {""value"": ""3"", ""explanation"": ""Thought Broadcasting"", ""snomed_ct"": ""86917003 |Thought broadcast|""}, {""value"": ""4"", ""explanation"": ""Thought Withdrawal"", ""snomed_ct"": ""87076008 |Thought withdrawal|""}, {""value"": ""5"", ""explanation"": ""Thought Insertion"", ""snomed_ct"": ""50543005 |Thought insertion|""}]";Categorical;;;0;Choice without probability
snomed ct;4065008 |Affect function|;;;;;;1;1;1;Clinical_Table.xlsx;AMDP_AF;Affect;no;categorical;;0=no disturbance of affect, 1=Feeling of Loss of Feeling, 2=Blunted Affect, 3=Depressed Mood, 4=Hopelessness, 5=Anxiety, 6=Euphoria, 7=Irritability, 8=Inner Restlessness, 9=Parathymia (Incongruent Affect), 10=Affective Lability, 11=Affective Rigidity;"[{""value"": ""0"", ""explanation"": ""no disturbance of affect"", ""snomed_ct"": ""416383008 |Abnormal affect| : 373572006 |Clinical finding absent|""}, {""value"": ""1"", ""explanation"": ""Feeling of Loss of Feeling"", ""snomed_ct"": ""276302000 |Feeling of loss of feeling|""}, {""value"": ""2"", ""explanation"": ""Blunted Affect"", ""snomed_ct"": ""6140007 |Blunted affect|""}, {""value"": ""3"", ""explanation"": ""Depressed Mood"", ""snomed_ct"": ""366979004 |Depressed mood|""}, {""value"": ""4"", ""explanation"": ""Hopelessness"", ""snomed_ct"": ""307077003 |Feeling hopeless|""}, {""value"": ""5"", ""explanation"": ""Anxiety"", ""snomed_ct"": ""48694002 |Anxiety|""}, {""value"": ""6"", ""explanation"": ""Euphoria"", ""snomed_ct"": ""85949006 |Euphoria|""}, {""value"": ""7"", ""explanation"": ""Irritability"", ""snomed_ct"": ""55929007 |Feeling irritable|""}, {""value"": ""8"", ""explanation"": ""Inner Restlessness"", ""snomed_ct"": ""162221009 |Restlessness|""}, {""value"": ""9"", ""explanation"": ""Parathymia (Incongruent Affect)"", ""snomed_ct"": ""53138005 |Mood-incongruent delusion|""}, {""value"": ""10"", ""explanation"": ""Affective Lability"", ""snomed_ct"": ""386798001 |Affective personality trait| : 47429007 |Associated with| = 18963009 |Mood swings|""}, {""value"": ""11"", ""explanation"": ""Affective Rigidity"", ""snomed_ct"": ""386798001 |Affective personality trait| : 47429007 |Associated with| = 312953009 |Attacks of rigidity|""}]";Categorical;;;0;Choice without probability
snomed ct;365349005 |Finding related to ability to drive a car|;;;;;;1;1;1;Clinical_Table.xlsx;AMDP_D;Drive and Psychomotor Activity;no;categorical;;0=proper drive and psychomotor activity. 1=Lack of Drive, 2=Inhibition of Drive, 3=Increased Drive, 4=Motor Restlessness, 5=Mannerisms, 6=Mutism, 7=Logorrhoea;"[{""value"": ""0"", ""explanation"": ""proper drive and psychomotor activity"", ""snomed_ct"": ""9908006 |Normal psychomotor development|""}, {""value"": ""1"", ""explanation"": ""Lack of Drive"", ""snomed_ct"": ""247750002 |Drive| : 1250004 |Decreased|""}, {""value"": ""2"", ""explanation"": ""Inhibition of Drive"", ""snomed_ct"": ""247750002 |Drive| : 286660008 |Inhibited behavior|""}, {""value"": ""3"", ""explanation"": ""Increased Drive"", ""snomed_ct"": ""247750002 |Drive| : 35105006 |Increased|""}, {""value"": ""4"", ""explanation"": ""Motor Restlessness"", ""snomed_ct"": ""162221009 |Restlessness|""}, {""value"": ""5"", ""explanation"": ""Mannerisms"", ""snomed_ct"": ""5090003 |Mannerism|""}, {""value"": ""6"", ""explanation"": ""Mutism"", ""snomed_ct"": ""88052002 |Mutism|""}, {""value"": ""7"", ""explanation"": ""Logorrhoea"", ""snomed_ct"": ""449191001 |Logorrhea|""}]";Categorical;;;0;Choice without probability
snomed ct;225599005 |Social behavior|;;;;;;1;1;1;Clinical_Table.xlsx;AMDP_SB;social behaviour;no;categorical;;0= no Conspicuity. 1=Social Withdrawal, 2=Excessive Social Contact;"[{""value"": ""0"", ""explanation"": "" no Conspicuity"", ""snomed_ct"": ""1144527009 |Interacts with others normally|""}, {""value"": ""1"", ""explanation"": ""Social Withdrawal"", ""snomed_ct"": ""105411000 |Social withdrawal|""}, {""value"": ""2"", ""explanation"": ""Excessive Social Contact"", ""snomed_ct"": ""129875009 |Alteration in social interaction| : 260378005 |Excessive|""}]";Categorical;;;0;Choice without probability
snomed ct;286797007 |Level of aggressiveness|;;;;;;1;1;1;Clinical_Table.xlsx;AMDP_AG;Aggressiveness;no;categorical;;0=no aggression, 1=verbally aggressive/threatening, 2=physically aggressive;"[{""value"": ""0"", ""explanation"": ""no aggression"", ""snomed_ct"": ""61372001 |Aggressive behavior| : 373572006 |Clinical finding absent|""}, {""value"": ""1"", ""explanation"": ""verbally aggressive/threatening"", ""snomed_ct"": ""248003003 |Verbal aggression|""}, {""value"": ""2"", ""explanation"": ""physically aggressive"", ""snomed_ct"": ""248004009 |Physical aggression|""}]";Categorical;;;0;Choice without probability
snomed ct;258158006 |Sleep, function|;;;;;;1;1;1;Clinical_Table.xlsx;AMDP_SL;Sleep;no;categorical;;0=no difficulties. 1=Difficulty Falling Asleep, 2=Difficulty Falling Asleep, 3=Difficulty Falling Asleep, 4=Tiredness;"[{""value"": ""0""}, {""value"": ""1""}, {""value"": ""2""}, {""value"": ""3""}, {""value"": ""4""}]";Categorical;;;0;Choice without probability
snomed ct;86110000 |Rumination - thoughts| : 47429007 |Associated with| = 247650009 |Planning suicide|;There are several questionnaires on Thoughts of Death or Suicide: IDS-SR, QIDS-SR;;;;;1;1;1;Clinical_Table.xlsx;RUM_THO;Ruminative thoughts associated with suicide and/or death;no;bimodal;bool;;"[{""value"": ""0"", ""explanation"": ""none"", ""snomed_ct"": ""6471006 |Suicidal thoughts| : 373572006 |Clinical finding absent|""}, {""value"": ""1"", ""explanation"": ""weary of life"", ""snomed_ct"": ""247795009 |Tedium vitae|""}, {""value"": ""2"", ""explanation"": ""suicidal ideation"", ""snomed_ct"": ""6471006 |Suicidal thoughts|""}, {""value"": ""3"", ""explanation"": ""speficic suicid plan"", ""snomed_ct"": ""711561004 |Has access to planned means of suicide|""}]";Categorical;;;0;Choice without probability
snomed ct;365581002 |Finding of marital or partnership status|;;;;;;1;1;1;Clinical_Table.xlsx;EM_S;relationship status;no;categorical;;;"[{""value"": ""1"", ""explanation"": ""Single person"", ""snomed_ct"": ""125681006""}, {""value"": ""2"", ""explanation"": ""Married"", ""snomed_ct"": ""87915002""}, {""value"": ""3"", ""explanation"": ""Divorced"", ""snomed_ct"": ""20295000 ""}, {""value"": ""4"", ""explanation"": ""Widowed"", ""snomed_ct"": ""33553000""}]";Categorical;;;0;Choice without probability
snomed ct;102898006 |Emotional relationship| : 408732007 |Subject relationship context| = 113163005 |Friend|;;gsso;GSSO_000818;"the code is for ""friendship"" in general";;1;1;1;Clinical_Table.xlsx;EM_F;Emotional relationships - friendships;no;bimodal;bool;{yes} / {no};"[{""value"": ""no"", ""explanation"": ""No"", ""snomed_ct"": ""373067005""}, {""value"": ""yes"", ""explanation"": ""Yes"", ""snomed_ct"": ""373066001""}]";Categorical;;;0;Choice without probability
snomed ct;102898006 |Emotional relationship| : 408732007 |Subject relationship context| = 262043009 |Partner in relationship|;;gsso;GSSO_000836;"the code is for ""partners"" in general";;1;1;1;Clinical_Table.xlsx;EM_C;Emotional relationships - partners;no;bimodal;bool;{yes} / {no};"[{""value"": ""no"", ""explanation"": ""No"", ""snomed_ct"": ""373067005""}, {""value"": ""yes"", ""explanation"": ""Yes"", ""snomed_ct"": ""373066001""}]";Categorical;;;0;Choice without probability
snomed ct;102898006 |Emotional relationship| : 408732007 |Subject relationship context| = 125677006 |Relative|;;;;;;1;1;1;Clinical_Table.xlsx;EM_R;Emotional relationships - relatives;no;bimodal;bool;{yes} / {no};"[{""value"": ""no"", ""explanation"": ""No"", ""snomed_ct"": ""373067005""}, {""value"": ""yes"", ""explanation"": ""Yes"", ""snomed_ct"": ""373066001""}]";Categorical;;;0;Choice without probability
gsso;GSSO_007167;;;;;;1;1;1;Clinical_Table.xlsx;CON_GS;gender discrepancy;no;bimodal;bool;{yes} / {no};"[{""value"": ""no"", ""explanation"": ""No"", ""snomed_ct"": ""373067005""}, {""value"": ""yes"", ""explanation"": ""Yes"", ""snomed_ct"": ""373066001""}]";Categorical;;;0;Choice without probability
snomed ct;307294006 |Personal history finding| : 310027007 |Mental health counseling service| = 271437004 |Problem situation relating to social and personal history|;;;;;;1;1;1;Clinical_Table.xlsx;BE_MHS;Bad experiences in mental health services;no;bimodal;bool;{yes} / {no};"[{""value"": ""no"", ""explanation"": ""No"", ""snomed_ct"": ""373067005""}, {""value"": ""yes"", ""explanation"": ""Yes"", ""snomed_ct"": ""373066001""}]";Categorical;;;0;Choice without probability
gsso;GSSO_006450 : 410513005 |In the past|;It is constellation of GSSO and SNOMED CT. SNOMED CT 15240007 |Current| is for Current, 410513005 |In the past| is for Past;;;;;1;1;1;Clinical_Table.xlsx;PB_P;History of bullying - personal;no;bimodal;bool;{yes} / {no};"[{""value"": ""no"", ""explanation"": ""No"", ""snomed_ct"": ""373067005""}, {""value"": ""yes"", ""explanation"": ""Yes"", ""snomed_ct"": ""373066001""}]";Categorical;;;0;Choice without probability
gsso;GSSO_006455 : 410513005 |In the past|;;;;;;1;1;1;Clinical_Table.xlsx;PB_V;History of bullying - virtual;no;bimodal;bool;{yes} / {no};"[{""value"": ""no"", ""explanation"": ""No"", ""snomed_ct"": ""373067005""}, {""value"": ""yes"", ""explanation"": ""Yes"", ""snomed_ct"": ""373066001""}]";Categorical;;;0;Choice without probability
gsso;GSSO_006454 : 410513005 |In the past|;;;;;;1;1;1;Clinical_Table.xlsx;PB_E;History of bullying - feeling excluded;no;bimodal;bool;{yes} / {no};"[{""value"": ""no"", ""explanation"": ""No"", ""snomed_ct"": ""373067005""}, {""value"": ""yes"", ""explanation"": ""Yes"", ""snomed_ct"": ""373066001""}]";Categorical;;;0;Choice without probability
gsso;GSSO_006453 : 410513005 |In the past|;;;;;;1;1;1;Clinical_Table.xlsx;PB_VV;History of bullying - oral violence;no;bimodal;bool;{yes} / {no};"[{""value"": ""no"", ""explanation"": ""No"", ""snomed_ct"": ""373067005""}, {""value"": ""yes"", ""explanation"": ""Yes"", ""snomed_ct"": ""373066001""}]";Categorical;;;0;Choice without probability
gsso;GSSO_006452 : 410513005 |In the past|;;;;;;1;1;1;Clinical_Table.xlsx;PB_PV;History of bullying - physical violence;no;bimodal;bool;{yes} / {no};"[{""value"": ""no"", ""explanation"": ""No"", ""snomed_ct"": ""373067005""}, {""value"": ""yes"", ""explanation"": ""Yes"", ""snomed_ct"": ""373066001""}]";Categorical;;;0;Choice without probability
gsso;GSSO_006450 : 15240007 |Current|;;;;;;1;1;1;Clinical_Table.xlsx;CB_P;current bullying - personal;no;bimodal;bool;{yes} / {no};"[{""value"": ""no"", ""explanation"": ""No"", ""snomed_ct"": ""373067005""}, {""value"": ""yes"", ""explanation"": ""Yes"", ""snomed_ct"": ""373066001""}]";Categorical;;;0;Choice without probability
gsso;GSSO_006455 : 15240007 |Current|;;;;;;1;1;1;Clinical_Table.xlsx;CB_V;current bullying - virtual;no;bimodal;bool;{yes} / {no};"[{""value"": ""no"", ""explanation"": ""No"", ""snomed_ct"": ""373067005""}, {""value"": ""yes"", ""explanation"": ""Yes"", ""snomed_ct"": ""373066001""}]";Categorical;;;0;Choice without probability
gsso;GSSO_006454 : 15240007 |Current|;;;;;;1;1;1;Clinical_Table.xlsx;CB_E;current bullying - feeling excluded;no;bimodal;bool;{yes} / {no};"[{""value"": ""no"", ""explanation"": ""No"", ""snomed_ct"": ""373067005""}, {""value"": ""yes"", ""explanation"": ""Yes"", ""snomed_ct"": ""373066001""}]";Categorical;;;0;Choice without probability
gsso;GSSO_006453 : 15240007 |Current|;;;;;;1;1;1;Clinical_Table.xlsx;CB_VV;current bullying - oral violence;no;bimodal;bool;{yes} / {no};"[{""value"": ""no"", ""explanation"": ""No"", ""snomed_ct"": ""373067005""}, {""value"": ""yes"", ""explanation"": ""Yes"", ""snomed_ct"": ""373066001""}]";Categorical;;;0;Choice without probability
gsso;GSSO_006452 : 15240007 |Current|;;;;;;1;1;1;Clinical_Table.xlsx;CB_PV;current bullying - physical violence;no;bimodal;bool;{yes} / {no};"[{""value"": ""no"", ""explanation"": ""No"", ""snomed_ct"": ""373067005""}, {""value"": ""yes"", ""explanation"": ""Yes"", ""snomed_ct"": ""373066001""}]";Categorical;;;0;Choice without probability
snomed ct;248062006 |Self-injurious behavior| : 246454002 |Occurrence|= 397669002 |Age|;;;;;;1;1;1;Clinical_Table.xlsx;SH_AGE;Age of first self harming;yes;numeric;;years;;AGE;;"{""start_date"":""BIRTHDATE"", ""end_date"":""01/01/2024"",""format"":""%d/%m/%Y""}";0;Random age between birth date and today
snomed ct;248062006 |Self-injurious behavior| : 307294006 |Personal history finding| = 410656007 |Type|;;;;;;1;1;1;Clinical_Table.xlsx;SH_P;Prevalence of self harming;no;categorical;;CUTTING=1,RISK SEAKING BEHAVIOUR =2:INGESTING OBJECTS =3,SELF-HITTING=4, OTHER=5;"[{""value"": ""1"", ""explanation"": ""CUTTING"", ""snomed_ct"": ""248073004 |Cutting self|""}, {""value"": ""2"", ""explanation"": ""RISK SEAKING BEHAVIOUR "", ""snomed_ct"": ""427346002 |Risk prone health behavior|""}, {""value"": ""3"", ""explanation"": ""INGESTING OBJECTS "", ""snomed_ct"": ""248074005 |Swallowing objects|""}, {""value"": ""4"", ""explanation"": ""SELF-HITTING"", ""snomed_ct"": ""284756003 |Hitting self|""}, {""value"": ""5"", ""explanation"": ""OTHER"", ""snomed_ct"": ""248062006 |Self-injurious behavior| : 410656007 |Type| = 74964007 |Other|""}]";Categorical;;;0;Choice without probability
snomed ct;248062006 |Self-injurious behavior| : 307294006 |Personal history finding| = 410324006 | Medical/dental care (regime/therapy) |;;;;;;1;1;1;Clinical_Table.xlsx;SH_MI;medical intervention needed after self harming;no;bimodal;;{yes} / {no};"[{""value"": ""no"", ""explanation"": ""No"", ""snomed_ct"": ""373067005""}, {""value"": ""yes"", ""explanation"": ""Yes"", ""snomed_ct"": ""373066001""}]";Categorical;;;0;Choice without probability
snomed ct;248062006 |Self-injurious behavior| : 365471004 |Finding of details of relatives|= 260411009 |Presence findings|;;;;;;1;1;1;Clinical_Table.xlsx;SH_R;self harming in relatives first grade;no;bimodal;;{yes} / {no};"[{""value"": ""no"", ""explanation"": ""No"", ""snomed_ct"": ""373067005""}, {""value"": ""yes"", ""explanation"": ""Yes"", ""snomed_ct"": ""373066001""}]";Categorical;;;0;Choice without probability
snomed ct;224093006 |Details of family (observable entity)| : 246093002 |Component| = 82996008 |Social status (social concept)|;;;;;;1;1;1;Clinical_Table.xlsx;SL;family socio-economic level;yes;categorical;categorical;1=High means at least one parent has an academic degree/2=Medium means both parents have a school degree and at least one has a current job /3=Low means requirements for 2 not fulfilled;"[{""value"": ""1"", ""explanation"": ""High (at least one parent has an academic degree)"", ""snomed_ct"": ""224172006 |High household income|""}, {""value"": ""2"", ""explanation"": ""Medium (both parents have a school degree and at least one has a current job)"", ""snomed_ct"": ""224171004 |Moderate household income|""}, {""value"": ""3"", ""explanation"": ""Low (means requirements for 2 not fulfilled)"", ""snomed_ct"": ""224170003 |Low household income|""}]";Categorical;;;0;Choice without probability
snomed ct;"273249006 |Assessment scales (assessment scale)| : { 734841007 |Name| = ""social communication questionnaire"", 246262008 |Score| = 255619001 |Total| }";;;;;;1;1;1;Clinical_Table.xlsx;SCQ_T;social communication questionnaire Total Score;yes;Numeric;float;;"[{""value"": ""23""}, {""value"": ""33""}]";TEST;;;0;Choice without probability
snomed ct;"1231444008 |Child Behavior Checklist| : 280434008 |Subscale score| = (734841007 |Name| = ""Internalizing problems"")";;;;;;1;1;1;Clinical_Table.xlsx;CBCL_D_IP;Child Behaviour Checklist - Internalizing problems;no;Numeric;float;;"[{""value"": ""21""}, {""value"": ""25""}]";TEST;;;0;Choice without probability
snomed ct;"1231444008 |Child Behavior Checklist| : 280434008 |Subscale score| = (734841007 |Name| = ""Internalizing problems"", 246514001 |Units| = 118583003 |Percentile|)";;;;;;1;1;1;Clinical_Table.xlsx;CBCL_P_IP;Child Behaviour Checklist - Internalizing problems Percentile;no;Numeric;float;;"[{""value"": ""67""}, {""value"": ""73""}]";TEST;;;0;Choice without probability
snomed ct;"1231444008 |Child Behavior Checklist| : 280434008 |Subscale score| = (734841007 |Name| = ""Externalizing problems"")";;;;;;1;1;1;Clinical_Table.xlsx;CBCL_D_EP;Child Behaviour Checklist - Externalizing problems;no;Numeric;float;;"[{""value"": ""5""}, {""value"": ""15""}]";TEST;;;0;Choice without probability
snomed ct;"1231444008 |Child Behavior Checklist| : 280434008 |Subscale score| = (734841007 |Name| = ""Externalizing problems"", 246514001 |Units| = 118583003 |Percentile|)";;;;;;1;1;1;Clinical_Table.xlsx;CBCL_P_EP;Child Behaviour Checklist - Externalizing problems Percentile;no;Numeric;float;;"[{""value"": ""50""}, {""value"": ""60""}]";TEST;;;0;Choice without probability
snomed ct;1231444008 |Child Behavior Checklist| : 246262008 |Score| = 255619001 |Total|;;;;;;1;1;1;Clinical_Table.xlsx;CBCL_D_T;Child Behaviour Checklist - Total;no;Numeric;float;;"[{""value"": ""45""}, {""value"": ""36""}]";TEST;;;0;Choice without probability
snomed ct;1231444008 |Child Behavior Checklist| : 246262008 |Score| = (255619001 |Total|, 246514001 |Units| = 118583003 |Percentile|);;;;;;1;1;1;Clinical_Table.xlsx;CBCL_P_T;Child Behaviour Checklist - Total Percentile;no;Numeric;float;;"[{""value"": ""64""}, {""value"": ""59""}]";TEST;;;0;Choice without probability
snomed ct;"273249006 |Assessment scales (assessment scale)| : { 734841007 |Name| = ""Youth Self Report"", 280434008 |Subscale score| = (734841007 |Name| = ""Internalising problems"")}";;;;;;1;1;1;Clinical_Table.xlsx;YSR_D_IP;Youth Self Report - Internalising problems;no;Numeric;float;;"[{""value"": ""39""}, {""value"": ""16""}]";TEST;;;0;Choice without probability
snomed ct;"273249006 |Assessment scales (assessment scale)| : { 734841007 |Name| = ""Youth Self Report"", 280434008 |Subscale score| = (734841007 |Name| = ""Internalising problems"", 246514001 |Units| = 118583003 |Percentile|)}";;;;;;1;1;1;Clinical_Table.xlsx;YSR_P_IP;Youth Self Report - Internalising problems Percentile;no;Numeric;float;;"[{""value"": ""76""}, {""value"": ""59""}]";TEST;;;0;Choice without probability
snomed ct;"273249006 |Assessment scales (assessment scale)| : { 734841007 |Name| = ""Youth Self Report"", 280434008 |Subscale score| = (734841007 |Name| = ""Externalizing problems"")}";;;;;;1;1;1;Clinical_Table.xlsx;YSR_D_EP;Youth Self Report - Externalising problems;no;Numeric;float;;"[{""value"": ""20""}, {""value"": ""24""}]";TEST;;;0;Choice without probability
snomed ct;"273249006 |Assessment scales (assessment scale)| : { 734841007 |Name| = ""Youth Self Report"", 280434008 |Subscale score| = (734841007 |Name| = ""Externalizing problems"", 246514001 |Units| = 118583003 |Percentile|)}";;;;;;1;1;1;Clinical_Table.xlsx;YSR_P_EP;Youth Self Report - Externalising problems Percentile;no;Numeric;float;;"[{""value"": ""64""}, {""value"": ""65""}]";TEST;;;0;Choice without probability
snomed ct;"273249006 |Assessment scales (assessment scale)| : { 734841007 |Name| = ""Youth Self Report"", 246262008 |Score| = 255619001 |Total| }";Possible codes: 770633007 |EuroQol Five Dimension (Youth) instrument (assessment scale), |770632002 |Assessment using EuroQol Five Dimension (Youth), 725878007 |Participation and Environment Measure for Children and Youth (assessment scale);;;;;1;1;1;Clinical_Table.xlsx;YSR_D_T;Youth Self Report - Total;no;Numeric;float;;"[{""value"": ""57""}, {""value"": ""59""}]";TEST;;;0;Choice without probability
snomed ct;"273249006 |Assessment scales (assessment scale)| : { 734841007 |Name| = ""Youth Self Report"", 246262008 |Score| = 255619001 |Total|, 246514001 |Units| = 118583003 |Percentile| }";;;;;;1;1;1;Clinical_Table.xlsx;YSR_P_T;Youth Self Report - Total Percentile;no;Numeric;float;;"[{""value"": ""60""}, {""value"": ""61""}]";TEST;;;0;Choice without probability
snomed ct;446053003 |Beck depression inventory score| : 246514001 |Units| = 118583003 |Percentile|;;;;;;1;1;1;Clinical_Table.xlsx;BDI_D;Beck Depression Inventory-II Depression;no;Numeric;float;;"[{""value"": ""37""}, {""value"": ""45""}]";TEST;;;0;Choice without probability
snomed ct;446053003 |Beck depression inventory score|;;;;;;1;1;1;Clinical_Table.xlsx;BDI_P;Beck Depression Inventory-II Depression Percentile;no;Numeric;float;;"[{""value"": ""71""}, {""value"": ""81""}]";TEST;;;0;Choice without probability
snomed ct;1231513002 |Conners Comprehensive Behavior Rating Scales| : (280434008 |Subscale score| = 40683002 |Parent|, 363702006 |Has focus| = 406506008 |Attention deficit hyperactivity disorder|);;;;;;1;1;1;Clinical_Table.xlsx;CPRS_D_ADHD;Conners Parents Rating Scale - Index ADHD;no;Numeric;float;;"[{""value"": ""18""}, {""value"": ""25""}]";TEST;;;0;Choice without probability
snomed ct;1231513002 |Conners Comprehensive Behavior Rating Scales| : (280434008 |Subscale score| = 40683002 |Parent|, 363702006 |Has focus| = 406506008 |Attention deficit hyperactivity disorder|, 246514001 |Units| = 118583003 |Percentile| );;;;;;1;1;1;Clinical_Table.xlsx;CPRS_P_ADHD;Conners Parents Rating Scale - Index ADHD Percentile;no;Numeric;float;;"[{""value"": ""71""}, {""value"": ""65""}]";TEST;;;0;Choice without probability
snomed ct;1231513002 |Conners Comprehensive Behavior Rating Scales| : (280434008 |Subscale score| = 106304008 |Teacher|, 363702006 |Has focus| = 406506008 |Attention deficit hyperactivity disorder|);;;;;;1;1;1;Clinical_Table.xlsx;CTRS_D_ADHD;Conners Teachers Rating Scale - Index ADHD ;no;Numeric;float;;"[{""value"": ""18""}, {""value"": ""27""}]";TEST;;;0;Choice without probability
snomed ct;1231513002 |Conners Comprehensive Behavior Rating Scales| : (280434008 |Subscale score| = 106304008 |Teacher|, 363702006 |Has focus| = 406506008 |Attention deficit hyperactivity disorder|, 246514001 |Units| = 118583003 |Percentile| );;;;;;1;1;1;Clinical_Table.xlsx;CTRS_P_ADHD;Conners Teachers Rating Scale - Index ADHD Percentile;no;Numeric;float;;"[{""value"": ""70""}, {""value"": ""83""}]";TEST;;;0;Choice without probability
snomed ct;"273249006 |Assessment scales (assessment scale)| : 734841007 |Name| = ""Toronto Alexithymia Scale Questionnaire""";;;;;;1;1;1;Clinical_Table.xlsx;TAS_26;Toronto Alexithymia Scale Questionnaire ;no;Numeric;float;;"[{""value"": ""52""}, {""value"": ""60""}]";TEST;;;0;Choice without probability
snomed ct;"273249006 |Assessment scales (assessment scale)| : 734841007 |Name| = ""Suicide Behaviour Questionnaire""";There is a code 304712004 for Suicide Ideation Questionnaire;;;;;1;1;1;Clinical_Table.xlsx;SBQ_R;Suicide Behaviour Questionnaire;no;Numeric;float;;"[{""value"": ""11""}, {""value"": ""9""}]";TEST;;;0;Choice without probability
snomed ct;"273249006 |Assessment scales (assessment scale)| : 734841007 |Name| = ""Suicide Behaviour Questionnaire - Autistic Spectrum Conditions""";;;;;;1;1;1;Clinical_Table.xlsx;SBQ_ASC;Suicide Behaviour Questionnaire - Autistic Spectrum Conditions;no;Numeric;float;;"[{""value"": ""13""}, {""value"": ""19""}]";TEST;;;0;Choice without probability
snomed ct;401319005 |Hospital Anxiety and Depression scale: anxiety score|;;;;;;1;1;1;Clinical_Table.xlsx;HADS_D_A;Hospital Anxiety and Depression Scale - Anxiety;no;Numeric;float;;"[{""value"": ""10""}, {""value"": ""4""}]";TEST;;;0;Choice without probability
snomed ct;401320004 |Hospital Anxiety and Depression scale: depression score|;;;;;;1;1;1;Clinical_Table.xlsx;HADS_D_D;Hospital Anxiety and Depression Scale - Depression;no;Numeric;float;;"[{""value"": ""2""}, {""value"": ""8""}]";TEST;;;0;Choice without probability
snomed ct;37941009 |Rumination disorder|;;;;;;1;1;1;Clinical_Table.xlsx;RRS_22;Ruminative responses;no;Numeric;float;;"[{""value"": ""42""}, {""value"": ""33""}]";TEST;;;0;Choice without probability
snomed ct;840418002 |Yale-Brown Obsessive Compulsive Scale|;Code if for Children's Yale-Brown obsessive compulsive scale;;;;;1;1;1;Clinical_Table.xlsx;OCI_D;Obsessive-Compulsive Inventory Revised;no;Numeric;float;;"[{""value"": ""14""}, {""value"": ""71""}]";TEST;;;0;Choice without probability
snomed ct;840418002 |Yale-Brown Obsessive Compulsive Scale| : 246514001 |Units| = 118583003 |Percentile|;;;;;;1;1;1;Clinical_Table.xlsx;OCI_P;Obsessive-Compulsive Inventory Revised - Percentile;no;Numeric;float;;"[{""value"": ""32""}, {""value"": ""75""}]";TEST;;;0;Choice without probability
snomed ct;"840418002 |Yale-Brown Obsessive Compulsive Scale| : 246514001 |Units| = ""Clinical Percentile""";;;;;;1;1;1;Clinical_Table.xlsx;OCI_CP;Obsessive-Compulsive Inventory Revised - Clinical Percentile;no;Numeric;float;;"[{""value"": ""34.1""}, {""value"": ""76""}]";TEST;;;0;Choice without probability
snomed ct;868188006 |Assessment using Children's Global Assessment Scale|;;;;;;1;1;1;Clinical_Table.xlsx;GAF;Global Assessment Functioning;no;Numeric;float;;"[{""value"": ""40""}, {""value"": ""51""}]";TEST;;;0;Choice without probability
snomed ct;"273249006 |Assessment scales (assessment scale)| : 734841007 |Name| = ""Adolescent Drug Involvement Scale""";;;;;;1;1;1;Clinical_Table.xlsx;ADIS;Adolescent Drug Involvement Scale;no;Numeric;float;;"[{""value"": ""21""}, {""value"": ""3""}]";TEST;;;0;Choice without probability
snomed ct;1231443002 |Bush-Francis Catatonia Rating Scale| : (280434008 |Subscale score| = 365856005 | Screening finding| );;;;;;1;1;1;Clinical_Table.xlsx;BFCRS_SCS;Bush-Francis Catatonia Rating Scale - Screening Score;no;Numeric;float;;"[{""value"": ""51""}, {""value"": ""12""}]";TEST;;;0;Choice without probability
snomed ct;1231443002 |Bush-Francis Catatonia Rating Scale| : (280434008 |Subscale score| = 162465004 |Symptom severity| );;;;;;1;1;1;Clinical_Table.xlsx;BFCRS_SS;Bush-Francis Catatonia Rating Scale - Severity Score;no;Numeric;float;;"[{""value"": ""38""}, {""value"": ""7""}]";TEST;;;0;Choice without probability
snomed ct;"273249006 |Assessment scales (assessment scale)| : 734841007 |Name| = ""Evaluation of anxiety and depression symptoms in children and adolescents""";;;;;;1;1;1;Clinical_Table.xlsx;RCADS_25;Evaluation of anxiety and depression symptoms in children and adolescents;no;Numeric;float;;"[{""value"": ""45""}, {""value"": ""6""}]";TEST;;;0;Choice without probability
snomed ct;"273249006 |Assessment scales (assessment scale)| : 734841007 |Name| = ""Wender Utah Rating Scale Short Version""";;;;;;1;1;1;Clinical_Table.xlsx;WURS_D;Wender Utah Rating Scale Short Version ;no;Numeric;float;;"[{""value"": ""97""}]";TEST;;;0;Choice without probability
snomed ct;"273249006 |Assessment scales (assessment scale)| : (734841007 |Name| = ""Wender Utah Rating Scale Short Version"", 246514001 |Units| = 118583003 |Percentile|)";;;;;;1;1;1;Clinical_Table.xlsx;WURS_P;Wender Utah Rating Scale Short Version - Percentile;no;Numeric;float;;"[{""value"": ""99""}]";TEST;;;0;Choice without probability
snomed ct;"273249006 |Assessment scales (assessment scale)| : (734841007 |Name| = ""Wender Utah Rating Scale Short Version"", 246514001 |Units| = ""Clinical Percentile"")";;;;;;1;1;1;Clinical_Table.xlsx;WURS_CP;Wender Utah Rating Scale Short Version - Clinical Percentile;no;Numeric;float;;"[{""value"": ""99.9""}]";TEST;;;0;Choice without probability
snomed ct;"273249006 |Assessment scales (assessment scale)| : 734841007 |Name| = ""Drug Use Screening""";;;;;;1;1;1;Clinical_Table.xlsx;DAST;Drug Use Screening Total;no;Numeric;float;;"[{""value"": ""9""}]";TEST;;;0;Choice without probability
snomed ct;"273249006 |Assessment scales (assessment scale)| : 734841007 |Name| = ""Anxiety Scale for Autism - Adults""";;;;;;1;1;1;Clinical_Table.xlsx;ASA_A;Anxiety Scale for Autism - Adults;no;Numeric;float;;"[{""value"": ""58""}]";TEST;;;0;Choice without probability
snomed ct;"273249006 |Assessment scales (assessment scale)| : 734841007 |Name| = ""Autistic Depression Assessment Tool - Adults""";;;;;;1;1;1;Clinical_Table.xlsx;ADAT_A;Autistic Depression Assessment Tool - Adults;no;Numeric;float;;"[{""value"": ""157""}]";TEST;;;0;Choice without probability
snomed ct;422549004 |Patient-related Identification code| :  47429007 |Associated with| = 117040002 |Nucleic acid sequencing (procedure)|;;;;;;1;1;1;Clinical_Table.xlsx;WGS_ID;Whole Genome Sequencing ID;no;String;String;Identifier for merging with internal data sources;;ID;;"{""prefix"":""WGS_""}";0;"Random number with ""WGS_"" prefix"
snomed ct;422549004 |Patient-related Identification code|;;;;;;1;1;1;Medications.xlsx;ID_STUDY;STUDYID;no;Numeric;float;;;MAPPING;;"{""mapping_field"":""ID_STUDY"", ""dataset"":""Clinical_Table.xlsx""}";1;The STUDYID number
snomed ct;363819003 |Drug therapy observable|;not sure whether the code is correct;;;;;1;1;1;Medications.xlsx;DRUG;Type of drug;no;Categorical;category;1= antidepressant/ 2=antipsychotic/3= anxiolytic/4= stimulant;"[{""value"": ""1"", ""explanation"": ""antidepressant"", ""snomed_ct"": ""372720008 |Antidepressant|""}, {""value"": ""2"", ""explanation"": ""antipsychotic"", ""snomed_ct"": ""372482001 |Anti-psychotic agent|""}, {""value"": ""3"", ""explanation"": ""anxiolytic"", ""snomed_ct"": ""373282008 |Anxiolytic agent|""}, {""value"": ""4"", ""explanation"": ""stimulant"", ""snomed_ct"": ""373333006 |Stimulant|""}]";Categorical;;;0;Choice without probability
snomed ct;363819003 |Drug therapy observable| : 260911001 |Dosage|;;;;;;1;1;1;Medications.xlsx;DRUG_D;Drug dosage;no;Numeric;float;;"[{""value"": ""75 mg""}, {""value"": ""150 mg""},{""value"": ""60 mg""}]";TEST;;;0;Choice without probability
snomed ct;33633005 |Prescription of drug|;;;;;;1;1;1;Medications.xlsx;CHA_RUT;Change in routine;no;Categorical;category;{new} / {added} / {change};"[{""value"": ""new"", ""explanation"": ""new"", ""snomed_ct"": ""170686001 |Psychiatric treatment started| : 410656007 |Type| = 7147002 |New|""}, {""value"": ""add"", ""explanation"": ""added"", ""snomed_ct"": ""170686001 |Psychiatric treatment started| : 410656007 |Type| = 422106007 |Add - dosing instruction fragment|""}, {""value"": ""change"", ""explanation"": ""change"", ""snomed_ct"": ""170685002 |Psychiatric treatment changed|""}]";Categorical;;;0;Choice without probability
